"subject","block","exposures","response","RT"
1,0,0,"z",1561
1,0,-1,"m",1387
1,0,-1,"m",979
1,0,0,"m",946
1,0,0,"z",799
1,0,0,"z",751
1,0,1,"z",937
1,0,2,"m",566
1,0,0,"m",849
1,0,4,"z",622
1,0,0,"z",840
1,0,0,"m",529
1,0,-1,"m",842
1,0,3,"z",630
1,0,0,"m",1015
1,0,-1,"z",634
1,1,0,"z",750
1,1,-1,"m",425
1,1,0,"m",596
1,1,-1,"z",458
1,1,-1,"z",584
1,1,0,"z",576
1,1,2,"m",343
1,1,-1,"m",527
1,1,0,"z",212
1,1,0,"m",616
1,1,0,"z",466
1,1,1,"z",576
1,1,0,"m",324
1,1,4,"z",633
1,1,0,"z",315
1,1,3,"m",243
1,2,4,"z",18727
1,2,3,"m",635
1,2,0,"z",428
1,2,0,"z",470
1,2,-1,"m",410
1,2,-1,"m",622
1,2,0,"m",985
1,2,0,"z",223
1,2,-1,"m",1110
1,2,0,"z",118
1,2,0,"z",323
1,2,2,"z",719
1,2,-1,"m",215
1,2,1,"z",399
1,2,0,"z",1053
1,2,0,"z",682
1,3,0,"m",1358
1,3,-1,"z",1030
1,3,-1,"z",681
1,3,0,"m",1081
1,3,-1,"m",925
1,3,1,"m",973
1,3,2,"z",1023
1,3,0,"z",643
1,3,-1,"m",1053
1,3,4,"m",1410
1,3,0,"m",799
1,3,0,"z",674
1,3,0,"z",898
1,3,0,"z",849
1,3,0,"z",1052
1,3,3,"m",1276
1,4,2,"z",8573
1,4,0,"m",528
1,4,0,"m",808
1,4,0,"z",712
1,4,1,"z",722
1,4,0,"m",834
1,4,0,"z",390
1,4,0,"m",164
1,4,-1,"z",176
1,4,-1,"z",135
1,4,0,"m",253
1,4,0,"m",303
1,4,-1,"z",155
1,4,4,"z",204
1,4,-1,"m",606
1,4,3,"m",301
1,5,3,"z",1147
1,5,0,"m",926
1,5,0,"m",205
1,5,-1,"z",254
1,5,0,"z",1042
1,5,1,"m",449
1,5,-1,"z",1013
1,5,0,"z",712
1,5,4,"m",234
1,5,-1,"z",653
1,5,0,"z",653
1,5,0,"z",953
1,5,0,"m",605
1,5,-1,"z",641
1,5,0,"z",819
1,5,2,"m",643
1,6,0,"m",634
1,6,2,"m",577
1,6,-1,"z",616
1,6,0,"m",761
1,6,1,"z",887
1,6,0,"z",685
1,6,-1,"m",538
1,6,-1,"m",712
1,6,0,"m",868
1,6,0,"z",702
1,6,0,"z",740
1,6,4,"z",714
1,6,-1,"m",694
1,6,0,"z",546
1,6,0,"z",642
1,6,3,"m",508
1,7,0,"m",901
1,7,-1,"z",751
1,7,-1,"m",848
1,7,1,"m",713
1,7,0,"z",566
1,7,0,"z",764
1,7,0,"z",673
1,7,3,"m",576
1,7,-1,"m",790
1,7,0,"z",750
1,7,0,"z",567
1,7,0,"z",772
1,7,0,"m",656
1,7,2,"z",772
1,7,4,"z",615
1,7,-1,"z",791
1,8,3,"z",610
1,8,-1,"z",556
1,8,0,"m",421
1,8,0,"m",642
1,8,1,"z",593
1,8,4,"z",528
1,8,0,"z",683
1,8,0,"m",723
1,8,0,"m",339
1,8,-1,"z",409
1,8,0,"z",334
1,8,-1,"m",801
1,8,-1,"z",369
1,8,2,"m",724
1,8,0,"z",291
1,8,0,"z",603
1,9,-1,"z",726
1,9,-1,"z",500
1,9,0,"m",206
1,9,0,"z",906
1,9,2,"z",558
1,9,-1,"m",374
1,9,4,"z",651
1,9,0,"m",385
1,9,0,"m",297
1,9,0,"z",342
1,9,0,"z",632
1,9,1,"m",155
1,9,3,"m",430
1,9,-1,"z",284
1,9,0,"z",368
1,9,0,"m",234
1,10,4,"z",725
1,10,0,"m",936
1,10,0,"z",526
1,10,0,"z",584
1,10,1,"m",422
1,10,0,"m",544
1,10,-1,"z",242
1,10,0,"z",643
1,10,0,"m",441
1,10,-1,"m",877
1,10,-1,"z",552
1,10,3,"z",789
1,10,2,"m",652
1,10,0,"z",788
1,10,-1,"z",683
1,10,0,"z",761
1,11,2,"z",638
1,11,4,"z",564
1,11,0,"z",632
1,11,0,"m",477
1,11,0,"m",664
1,11,-1,"m",730
1,11,0,"z",507
1,11,1,"z",693
1,11,-1,"m",224
1,11,0,"m",429
1,11,0,"z",366
1,11,-1,"z",322
1,11,0,"m",292
1,11,-1,"m",810
1,11,3,"z",745
1,11,0,"m",751
1,12,0,"m",846
1,12,1,"z",952
1,12,-1,"m",624
1,12,-1,"z",615
1,12,4,"z",557
1,12,0,"m",390
1,12,0,"z",868
1,12,0,"z",632
1,12,3,"z",849
1,12,2,"m",379
1,12,0,"m",361
1,12,-1,"z",313
1,12,0,"z",762
1,12,0,"m",409
1,12,0,"m",689
1,12,-1,"m",789
1,13,0,"z",1635
1,13,0,"m",389
1,13,0,"m",683
1,13,2,"z",175
1,13,-1,"z",721
1,13,3,"z",899
1,13,0,"m",458
1,13,1,"z",723
1,13,-1,"z",536
1,13,-1,"z",781
1,13,0,"m",298
1,13,4,"m",605
1,13,0,"m",837
1,13,-1,"z",944
1,13,0,"m",741
1,13,0,"m",887
1,14,-1,"z",500
1,14,-1,"z",737
1,14,0,"m",400
1,14,0,"m",877
1,14,0,"z",595
1,14,0,"z",918
1,14,2,"m",421
1,14,-1,"m",1004
1,14,0,"z",525
1,14,0,"z",695
1,14,0,"m",411
1,14,4,"z",1005
1,14,1,"m",835
1,14,3,"z",650
1,14,0,"z",791
1,14,-1,"m",558
1,15,3,"z",1331
1,15,4,"m",857
1,15,-1,"z",565
1,15,0,"m",737
1,15,0,"m",898
1,15,0,"z",624
1,15,0,"z",714
1,15,0,"m",587
1,15,2,"m",1238
1,15,-1,"z",558
1,15,-1,"z",653
1,15,0,"m",568
1,15,1,"m",623
1,15,0,"z",622
1,15,-1,"z",634
1,15,0,"m",498
1,16,0,"m",1345
1,16,2,"z",1170
1,16,0,"m",830
1,16,4,"m",1199
1,16,-1,"z",984
1,16,0,"m",1383
1,16,0,"m",963
1,16,3,"m",1335
1,16,-1,"m",1160
1,16,0,"z",945
1,16,1,"m",1247
1,16,0,"z",837
1,16,0,"m",913
1,16,0,"m",1569
1,16,-1,"z",838
1,16,-1,"z",1150
1,17,0,"z",646
1,17,-1,"m",415
1,17,-1,"m",592
1,17,0,"z",528
1,17,3,"z",723
1,17,-1,"m",457
1,17,-1,"z",857
1,17,0,"m",395
1,17,4,"m",389
1,17,2,"z",215
1,17,1,"z",468
1,17,0,"m",98
1,17,0,"m",301
1,17,0,"z",184
1,17,0,"z",305
1,17,0,"m",322
1,18,0,"z",578
1,18,-1,"z",597
1,18,0,"m",293
1,18,-1,"z",728
1,18,0,"m",303
1,18,-1,"m",674
1,18,0,"m",770
1,18,0,"z",467
1,18,1,"m",451
1,18,-1,"z",763
1,18,3,"z",703
1,18,0,"m",177
1,18,0,"m",547
1,18,0,"z",594
1,18,4,"z",762
1,18,2,"m",282
1,19,-1,"m",1257
1,19,0,"m",1139
1,19,2,"z",780
1,19,-1,"m",1357
1,19,3,"z",2115
1,19,1,"m",1193
1,19,0,"m",1278
1,19,0,"m",1169
1,19,-1,"z",640
1,19,4,"z",870
1,19,0,"m",1774
1,19,0,"m",1353
1,19,0,"m",1464
1,19,0,"z",701
1,19,-1,"z",2195
1,19,0,"m",1045
1,20,2,"m",448
1,20,0,"z",664
1,20,-1,"z",489
1,20,0,"m",176
1,20,0,"m",274
1,20,-1,"z",125
1,20,-1,"z",527
1,20,1,"m",97
1,20,0,"m",283
1,20,0,"z",78
1,20,0,"z",343
1,20,4,"m",148
1,20,0,"m",303
1,20,3,"z",115
1,20,-1,"z",373
1,20,0,"z",333
2,0,0,"m",8876
2,0,-1,"m",2635
2,0,-1,"z",1517
2,0,0,"z",2476
2,0,0,"m",1218
2,0,0,"m",1921
2,0,1,"z",1394
2,0,2,"z",995
2,0,0,"m",1165
2,0,4,"z",1070
2,0,0,"z",1071
2,0,0,"m",1476
2,0,-1,"m",1443
2,0,3,"z",1281
2,0,0,"m",1603
2,0,-1,"m",932
2,1,0,"z",2339
2,1,-1,"z",1563
2,1,0,"m",2076
2,1,-1,"z",2642
2,1,-1,"z",1819
2,1,0,"m",3027
2,1,2,"z",718
2,1,-1,"z",911
2,1,0,"z",1030
2,1,0,"m",835
2,1,0,"m",1336
2,1,1,"z",2427
2,1,0,"m",1189
2,1,4,"z",1010
2,1,0,"m",1432
2,1,3,"z",942
2,2,4,"z",2100
2,2,3,"z",1197
2,2,0,"z",1642
2,2,0,"m",1026
2,2,-1,"m",4437
2,2,-1,"m",1121
2,2,0,"m",1936
2,2,0,"z",2452
2,2,-1,"z",1446
2,2,0,"z",1331
2,2,0,"m",4044
2,2,2,"m",1483
2,2,-1,"m",1157
2,2,1,"m",963
2,2,0,"m",2231
2,2,0,"z",773
2,3,0,"z",3558
2,3,-1,"z",1398
2,3,-1,"z",990
2,3,0,"m",1798
2,3,-1,"m",1317
2,3,1,"m",3506
2,3,2,"m",1339
2,3,0,"z",1258
2,3,-1,"z",1114
2,3,4,"z",1726
2,3,0,"m",1518
2,3,0,"m",1057
2,3,0,"m",1761
2,3,0,"m",1516
2,3,0,"m",1780
2,3,3,"z",1689
2,4,2,"z",2027
2,4,0,"m",3844
2,4,0,"m",1772
2,4,0,"m",2712
2,4,1,"z",1235
2,4,0,"m",3234
2,4,0,"z",2812
2,4,0,"m",3282
2,4,-1,"z",1277
2,4,-1,"z",1231
2,4,0,"z",1186
2,4,0,"m",1202
2,4,-1,"z",1238
2,4,4,"z",1028
2,4,-1,"z",3683
2,4,3,"z",1734
2,5,3,"z",1746
2,5,0,"z",4724
2,5,0,"m",2028
2,5,-1,"z",2714
2,5,0,"z",1275
2,5,1,"z",2548
2,5,-1,"z",892
2,5,0,"m",1462
2,5,4,"z",899
2,5,-1,"z",965
2,5,0,"z",1083
2,5,0,"m",1365
2,5,0,"m",1921
2,5,-1,"z",655
2,5,0,"z",2692
2,5,2,"z",1201
2,6,0,"z",3223
2,6,2,"m",1746
2,6,-1,"z",1014
2,6,0,"m",2296
2,6,1,"z",1058
2,6,0,"m",3278
2,6,-1,"z",1876
2,6,-1,"z",1129
2,6,0,"m",1947
2,6,0,"z",3605
2,6,0,"m",1223
2,6,4,"z",973
2,6,-1,"z",2337
2,6,0,"m",1133
2,6,0,"m",4268
2,6,3,"z",2164
2,7,0,"m",4070
2,7,-1,"z",1955
2,7,-1,"z",2379
2,7,1,"z",1131
2,7,0,"z",1078
2,7,0,"m",2276
2,7,0,"m",2219
2,7,3,"z",775
2,7,-1,"z",938
2,7,0,"z",1825
2,7,0,"m",3833
2,7,0,"m",2000
2,7,0,"z",2202
2,7,2,"z",2192
2,7,4,"z",698
2,7,-1,"m",1839
2,8,3,"m",3422
2,8,-1,"z",1382
2,8,0,"m",2636
2,8,0,"m",1349
2,8,1,"m",1561
2,8,4,"z",782
2,8,0,"m",2114
2,8,0,"m",1450
2,8,0,"m",1807
2,8,-1,"m",1328
2,8,0,"m",3375
2,8,-1,"z",878
2,8,-1,"m",1154
2,8,2,"z",3774
2,8,0,"z",878
2,8,0,"m",1744
2,9,-1,"z",3522
2,9,-1,"z",1130
2,9,0,"m",1836
2,9,0,"m",2997
2,9,2,"z",3056
2,9,-1,"m",1810
2,9,4,"z",855
2,9,0,"z",2828
2,9,0,"m",2699
2,9,0,"z",1765
2,9,0,"m",2085
2,9,1,"m",1051
2,9,3,"z",1178
2,9,-1,"m",1297
2,9,0,"m",2072
2,9,0,"z",694
2,10,4,"z",1908
2,10,0,"m",1856
2,10,0,"z",2939
2,10,0,"z",917
2,10,1,"m",991
2,10,0,"z",2147
2,10,-1,"z",1139
2,10,0,"m",985
2,10,0,"m",1420
2,10,-1,"m",1776
2,10,-1,"z",1354
2,10,3,"z",842
2,10,2,"z",1138
2,10,0,"m",745
2,10,-1,"z",617
2,10,0,"m",1973
2,11,2,"z",2527
2,11,4,"z",2169
2,11,0,"m",1338
2,11,0,"m",1058
2,11,0,"m",1880
2,11,-1,"z",1473
2,11,0,"z",1292
2,11,1,"m",1514
2,11,-1,"z",5
2,11,0,"z",1903
2,11,0,"m",781
2,11,-1,"z",999
2,11,0,"m",1161
2,11,-1,"m",1289
2,11,3,"z",1156
2,11,0,"m",1089
2,12,0,"m",2464
2,12,1,"z",778
2,12,-1,"z",714
2,12,-1,"z",1580
2,12,4,"z",471
2,12,0,"z",1577
2,12,0,"m",1233
2,12,0,"z",1374
2,12,3,"z",1029
2,12,2,"m",659
2,12,0,"m",1221
2,12,-1,"z",1704
2,12,0,"m",1601
2,12,0,"m",1308
2,12,0,"m",1362
2,12,-1,"z",1463
2,13,0,"z",3521
2,13,0,"m",1017
2,13,0,"m",1677
2,13,2,"m",1096
2,13,-1,"z",941
2,13,3,"z",982
2,13,0,"z",2347
2,13,1,"m",1810
2,13,-1,"z",725
2,13,-1,"z",1869
2,13,0,"m",1239
2,13,4,"z",1205
2,13,0,"m",810
2,13,-1,"z",878
2,13,0,"m",1212
2,13,0,"z",3106
2,14,-1,"m",3584
2,14,-1,"m",3812
2,14,0,"m",1680
2,14,0,"m",2743
2,14,0,"m",1475
2,14,0,"m",1360
2,14,2,"z",1222
2,14,-1,"z",2380
2,14,0,"m",1268
2,14,0,"m",1442
2,14,0,"m",1352
2,14,4,"z",1910
2,14,1,"m",1087
2,14,3,"z",1983
2,14,0,"m",2433
2,14,-1,"z",1049
2,15,3,"z",2253
2,15,4,"z",788
2,15,-1,"m",2315
2,15,0,"m",765
2,15,0,"m",1170
2,15,0,"m",1173
2,15,0,"m",1029
2,15,0,"z",2335
2,15,2,"m",1007
2,15,-1,"z",1402
2,15,-1,"m",1414
2,15,0,"m",2718
2,15,1,"z",1306
2,15,0,"z",794
2,15,-1,"z",731
2,15,0,"m",1326
2,16,0,"m",1791
2,16,2,"z",1450
2,16,0,"m",1792
2,16,4,"z",829
2,16,-1,"z",1446
2,16,0,"m",1823
2,16,0,"m",1205
2,16,3,"z",707
2,16,-1,"m",1447
2,16,0,"m",1874
2,16,1,"z",591
2,16,0,"z",2334
2,16,0,"m",1193
2,16,0,"m",2187
2,16,-1,"z",1890
2,16,-1,"m",942
2,17,0,"z",1379
2,17,-1,"z",896
2,17,-1,"z",656
2,17,0,"m",851
2,17,3,"m",698
2,17,-1,"z",1334
2,17,-1,"z",627
2,17,0,"m",744
2,17,4,"m",699
2,17,2,"m",1149
2,17,1,"z",1041
2,17,0,"m",589
2,17,0,"m",750
2,17,0,"m",1556
2,17,0,"z",1087
2,17,0,"z",815
2,18,0,"z",2739
2,18,-1,"m",962
2,18,0,"m",938
2,18,-1,"z",1449
2,18,0,"m",771
2,18,-1,"m",912
2,18,0,"z",950
2,18,0,"m",1518
2,18,1,"m",861
2,18,-1,"m",1322
2,18,3,"z",1042
2,18,0,"m",1095
2,18,0,"z",2572
2,18,0,"m",692
2,18,4,"z",897
2,18,2,"z",770
2,19,-1,"z",2058
2,19,0,"m",1243
2,19,2,"z",1019
2,19,-1,"z",1853
2,19,3,"z",751
2,19,1,"m",1845
2,19,0,"z",2715
2,19,0,"z",1254
2,19,-1,"z",993
2,19,4,"z",917
2,19,0,"m",935
2,19,0,"m",1128
2,19,0,"m",1438
2,19,0,"m",1287
2,19,-1,"m",1462
2,19,0,"m",1167
2,20,2,"m",4438
2,20,0,"m",915
2,20,-1,"z",1512
2,20,0,"m",1689
2,20,0,"m",1873
2,20,-1,"z",826
2,20,-1,"z",1010
2,20,1,"z",1402
2,20,0,"m",1700
2,20,0,"m",1437
2,20,0,"m",1169
2,20,4,"z",802
2,20,0,"z",1569
2,20,3,"z",638
2,20,-1,"m",1918
2,20,0,"z",1067
3,0,0,"m",637
3,0,-1,"z",4241
3,0,-1,"m",2734
3,0,0,"z",1784
3,0,0,"z",1718
3,0,0,"m",2135
3,0,1,"z",703
3,0,2,"z",830
3,0,0,"m",986
3,0,4,"z",1734
3,0,0,"m",1211
3,0,0,"z",898
3,0,-1,"m",762
3,0,3,"z",1376
3,0,0,"z",1835
3,0,-1,"m",1043
3,1,0,"m",1473
3,1,-1,"z",1188
3,1,0,"m",1131
3,1,-1,"m",5204
3,1,-1,"z",849
3,1,0,"m",1219
3,1,2,"m",1343
3,1,-1,"m",1412
3,1,0,"z",1677
3,1,0,"m",1892
3,1,0,"m",6545
3,1,1,"z",1306
3,1,0,"m",1437
3,1,4,"z",907
3,1,0,"z",2866
3,1,3,"z",2780
3,2,4,"z",5167
3,2,3,"m",895
3,2,0,"m",1727
3,2,0,"z",888
3,2,-1,"z",1131
3,2,-1,"m",712
3,2,0,"z",1793
3,2,0,"z",876
3,2,-1,"z",1016
3,2,0,"z",867
3,2,0,"m",721
3,2,2,"m",1694
3,2,-1,"m",926
3,2,1,"m",1083
3,2,0,"z",670
3,2,0,"z",791
3,3,0,"m",3489
3,3,-1,"m",3371
3,3,-1,"z",976
3,3,0,"z",1356
3,3,-1,"z",2409
3,3,1,"m",1647
3,3,2,"m",896
3,3,0,"m",2309
3,3,-1,"m",1225
3,3,4,"z",2183
3,3,0,"z",1248
3,3,0,"m",1668
3,3,0,"z",742
3,3,0,"z",1131
3,3,0,"z",1950
3,3,3,"m",887
3,4,2,"m",5455
3,4,0,"m",1267
3,4,0,"m",1707
3,4,0,"z",1862
3,4,1,"z",733
3,4,0,"z",1240
3,4,0,"m",860
3,4,0,"z",1403
3,4,-1,"m",1812
3,4,-1,"z",963
3,4,0,"z",821
3,4,0,"m",738
3,4,-1,"z",1338
3,4,4,"m",3188
3,4,-1,"z",985
3,4,3,"z",3176
3,5,3,"m",4149
3,5,0,"m",1149
3,5,0,"m",1181
3,5,-1,"z",2233
3,5,0,"m",2322
3,5,1,"z",937
3,5,-1,"z",1670
3,5,0,"m",5159
3,5,4,"z",800
3,5,-1,"z",1736
3,5,0,"m",937
3,5,0,"m",1035
3,5,0,"m",1287
3,5,-1,"z",2866
3,5,0,"z",899
3,5,2,"z",1795
3,6,0,"m",2398
3,6,2,"z",1122
3,6,-1,"z",1862
3,6,0,"m",1144
3,6,1,"z",858
3,6,0,"z",4528
3,6,-1,"z",1033
3,6,-1,"m",2751
3,6,0,"z",1299
3,6,0,"z",1648
3,6,0,"m",1016
3,6,4,"z",1795
3,6,-1,"z",1572
3,6,0,"z",1893
3,6,0,"z",1973
3,6,3,"m",781
3,7,0,"z",3161
3,7,-1,"m",2464
3,7,-1,"z",857
3,7,1,"m",1388
3,7,0,"z",1121
3,7,0,"z",1622
3,7,0,"m",1670
3,7,3,"z",996
3,7,-1,"z",3494
3,7,0,"m",1720
3,7,0,"m",1796
3,7,0,"z",801
3,7,0,"z",13353
3,7,2,"m",6936
3,7,4,"m",295
3,7,-1,"z",525
3,8,3,"m",7419
3,8,-1,"z",1353
3,8,0,"z",917
3,8,0,"z",769
3,8,1,"z",1006
3,8,4,"m",432
3,8,0,"z",2143
3,8,0,"z",1533
3,8,0,"m",527
3,8,-1,"z",1276
3,8,0,"z",831
3,8,-1,"z",675
3,8,-1,"m",479
3,8,2,"m",1289
3,8,0,"z",586
3,8,0,"m",578
3,9,-1,"m",3473
3,9,-1,"z",925
3,9,0,"m",1054
3,9,0,"z",733
3,9,2,"m",625
3,9,-1,"m",1129
3,9,4,"z",739
3,9,0,"z",1113
3,9,0,"m",1288
3,9,0,"z",1435
3,9,0,"z",821
3,9,1,"m",928
3,9,3,"z",869
3,9,-1,"m",936
3,9,0,"z",997
3,9,0,"z",579
3,10,4,"m",8862
3,10,0,"z",1940
3,10,0,"z",840
3,10,0,"z",3645
3,10,1,"m",1554
3,10,0,"m",734
3,10,-1,"m",928
3,10,0,"m",790
3,10,0,"m",645
3,10,-1,"z",888
3,10,-1,"z",1113
3,10,3,"z",673
3,10,2,"m",780
3,10,0,"m",670
3,10,-1,"z",800
3,10,0,"z",870
3,11,2,"z",6336
3,11,4,"m",1754
3,11,0,"z",1668
3,11,0,"m",1318
3,11,0,"m",1494
3,11,-1,"m",954
3,11,0,"m",956
3,11,1,"m",1121
3,11,-1,"z",878
3,11,0,"m",1008
3,11,0,"z",1355
3,11,-1,"z",732
3,11,0,"m",879
3,11,-1,"z",1167
3,11,3,"z",743
3,11,0,"m",841
3,12,0,"m",2497
3,12,1,"m",886
3,12,-1,"z",1425
3,12,-1,"z",5404
3,12,4,"z",1464
3,12,0,"z",928
3,12,0,"m",763
3,12,0,"m",1181
3,12,3,"m",1308
3,12,2,"m",1755
3,12,0,"z",928
3,12,-1,"z",1259
3,12,0,"m",658
3,12,0,"z",958
3,12,0,"m",694
3,12,-1,"m",1113
3,13,0,"z",6281
3,13,0,"m",2526
3,13,0,"m",967
3,13,2,"z",959
3,13,-1,"m",938
3,13,3,"m",1787
3,13,0,"z",725
3,13,1,"z",1065
3,13,-1,"m",451
3,13,-1,"m",929
3,13,0,"z",451
3,13,4,"z",548
3,13,0,"z",470
3,13,-1,"m",530
3,13,0,"z",1172
3,13,0,"m",117
3,14,-1,"m",12064
3,14,-1,"z",2114
3,14,0,"m",1610
3,14,0,"z",362
3,14,0,"z",1101
3,14,0,"z",753
3,14,2,"z",917
3,14,-1,"m",527
3,14,0,"z",507
3,14,0,"m",448
3,14,0,"z",723
3,14,4,"z",588
3,14,1,"m",479
3,14,3,"z",352
3,14,0,"z",987
3,14,-1,"z",724
3,15,3,"m",3644
3,15,4,"z",2490
3,15,-1,"z",707
3,15,0,"m",1367
3,15,0,"m",432
3,15,0,"z",293
3,15,0,"z",529
3,15,0,"z",842
3,15,2,"m",734
3,15,-1,"z",568
3,15,-1,"m",834
3,15,0,"z",498
3,15,1,"z",889
3,15,0,"z",1202
3,15,-1,"z",1288
3,15,0,"z",851
3,16,0,"m",5182
3,16,2,"z",957
3,16,0,"z",1495
3,16,4,"z",1007
3,16,-1,"m",1045
3,16,0,"z",686
3,16,0,"m",929
3,16,3,"m",1161
3,16,-1,"z",889
3,16,0,"z",686
3,16,1,"z",772
3,16,0,"m",832
3,16,0,"z",683
3,16,0,"m",685
3,16,-1,"z",616
3,16,-1,"m",850
3,17,0,"m",3795
3,17,-1,"z",1172
3,17,-1,"z",716
3,17,0,"m",646
3,17,3,"z",567
3,17,-1,"m",382
3,17,-1,"z",305
3,17,0,"m",226
3,17,4,"z",254
3,17,2,"m",245
3,17,1,"z",265
3,17,0,"z",197
3,17,0,"m",283
3,17,0,"m",322
3,17,0,"z",293
3,17,0,"z",373
3,18,0,"m",9531
3,18,-1,"z",2077
3,18,0,"m",900
3,18,-1,"z",1462
3,18,0,"m",492
3,18,-1,"m",704
3,18,0,"z",830
3,18,0,"z",714
3,18,1,"m",1104
3,18,-1,"z",730
3,18,3,"z",636
3,18,0,"z",1426
3,18,0,"m",489
3,18,0,"z",559
3,18,4,"z",677
3,18,2,"z",1037
3,19,-1,"m",5019
3,19,0,"z",409
3,19,2,"m",1066
3,19,-1,"m",1364
3,19,3,"z",3667
3,19,1,"z",353
3,19,0,"m",323
3,19,0,"z",333
3,19,-1,"z",294
3,19,4,"m",218
3,19,0,"m",294
3,19,0,"z",295
3,19,0,"m",294
3,19,0,"z",303
3,19,-1,"m",379
3,19,0,"m",333
3,20,2,"m",96981
3,20,0,"z",243
3,20,-1,"m",254
3,20,0,"z",495
3,20,0,"z",147
3,20,-1,"z",138
3,20,-1,"z",147
3,20,1,"m",87
3,20,0,"m",165
3,20,0,"z",342
3,20,0,"m",197
3,20,4,"z",204
3,20,0,"m",139
3,20,3,"z",606
3,20,-1,"m",461
3,20,0,"m",311
4,0,0,"m",10646
4,0,-1,"m",2386
4,0,-1,"z",2356
4,0,0,"m",2954
4,0,0,"z",1670
4,0,0,"m",1172
4,0,1,"m",1259
4,0,2,"z",1209
4,0,0,"m",2605
4,0,4,"z",1119
4,0,0,"z",1207
4,0,0,"z",1065
4,0,-1,"m",1627
4,0,3,"z",1297
4,0,0,"m",1101
4,0,-1,"z",3975
4,1,0,"m",1650
4,1,-1,"z",1267
4,1,0,"z",1085
4,1,-1,"m",3620
4,1,-1,"z",1190
4,1,0,"m",1757
4,1,2,"z",1054
4,1,-1,"z",1406
4,1,0,"z",1153
4,1,0,"m",988
4,1,0,"m",1969
4,1,1,"z",771
4,1,0,"z",1398
4,1,4,"z",841
4,1,0,"m",2195
4,1,3,"z",764
4,2,4,"z",1704
4,2,3,"z",1434
4,2,0,"z",3384
4,2,0,"m",1065
4,2,-1,"z",1677
4,2,-1,"z",1396
4,2,0,"z",1015
4,2,0,"m",1436
4,2,-1,"m",1248
4,2,0,"z",1150
4,2,0,"m",1992
4,2,2,"z",2417
4,2,-1,"m",1804
4,2,1,"z",965
4,2,0,"m",3356
4,2,0,"z",1989
4,3,0,"z",2438
4,3,-1,"m",2728
4,3,-1,"m",2584
4,3,0,"m",792
4,3,-1,"z",1471
4,3,1,"m",2188
4,3,2,"m",1199
4,3,0,"z",977
4,3,-1,"z",694
4,3,4,"z",1192
4,3,0,"m",1037
4,3,0,"m",2255
4,3,0,"m",1814
4,3,0,"z",1327
4,3,0,"z",1349
4,3,3,"z",764
4,4,2,"z",1661
4,4,0,"z",1482
4,4,0,"m",862
4,4,0,"m",2233
4,4,1,"z",1026
4,4,0,"z",1213
4,4,0,"z",1689
4,4,0,"z",918
4,4,-1,"z",647
4,4,-1,"m",1292
4,4,0,"z",1025
4,4,0,"m",1456
4,4,-1,"m",1044
4,4,4,"z",938
4,4,-1,"z",1231
4,4,3,"z",1445
4,5,3,"z",2360
4,5,0,"m",763
4,5,0,"m",3353
4,5,-1,"z",1060
4,5,0,"z",1857
4,5,1,"m",1341
4,5,-1,"m",1813
4,5,0,"m",1656
4,5,4,"z",985
4,5,-1,"z",2372
4,5,0,"m",2313
4,5,0,"m",3375
4,5,0,"z",762
4,5,-1,"m",1394
4,5,0,"m",2370
4,5,2,"z",1131
4,6,0,"z",3396
4,6,2,"z",2018
4,6,-1,"z",1874
4,6,0,"m",2109
4,6,1,"m",1024
4,6,0,"z",2144
4,6,-1,"z",2128
4,6,-1,"m",833
4,6,0,"z",1199
4,6,0,"z",3586
4,6,0,"z",1038
4,6,4,"z",1456
4,6,-1,"m",2441
4,6,0,"m",1698
4,6,0,"m",1025
4,6,3,"z",1999
4,7,0,"z",6029
4,7,-1,"z",2850
4,7,-1,"z",4524
4,7,1,"m",2031
4,7,0,"m",2010
4,7,0,"z",2050
4,7,0,"m",1682
4,7,3,"m",3227
4,7,-1,"z",1863
4,7,0,"m",1847
4,7,0,"m",1258
4,7,0,"z",5365
4,7,0,"z",1086
4,7,2,"m",3191
4,7,4,"z",908
4,7,-1,"z",3659
4,8,3,"z",1848
4,8,-1,"z",1112
4,8,0,"m",1270
4,8,0,"m",1940
4,8,1,"z",1416
4,8,4,"z",812
4,8,0,"z",899
4,8,0,"m",1541
4,8,0,"m",1407
4,8,-1,"m",1922
4,8,0,"m",3559
4,8,-1,"z",723
4,8,-1,"z",1232
4,8,2,"z",940
4,8,0,"z",1758
4,8,0,"z",1942
4,9,-1,"m",3835
4,9,-1,"z",1598
4,9,0,"m",1922
4,9,0,"z",4181
4,9,2,"z",947
4,9,-1,"z",2167
4,9,4,"z",1271
4,9,0,"m",2775
4,9,0,"z",1444
4,9,0,"z",1340
4,9,0,"z",988
4,9,1,"z",1465
4,9,3,"z",3248
4,9,-1,"m",1816
4,9,0,"m",2547
4,9,0,"m",1054
4,10,4,"z",2110
4,10,0,"m",1406
4,10,0,"m",1951
4,10,0,"m",918
4,10,1,"z",1619
4,10,0,"z",2958
4,10,-1,"z",1067
4,10,0,"z",981
4,10,0,"m",2684
4,10,-1,"z",1308
4,10,-1,"z",1622
4,10,3,"z",1144
4,10,2,"m",1056
4,10,0,"z",1640
4,10,-1,"z",3240
4,10,0,"z",1370
4,11,2,"z",1864
4,11,4,"z",1570
4,11,0,"m",685
4,11,0,"z",1541
4,11,0,"z",678
4,11,-1,"z",920
4,11,0,"m",687
4,11,1,"z",1093
4,11,-1,"m",735
4,11,0,"z",2029
4,11,0,"z",1220
4,11,-1,"m",676
4,11,0,"m",1804
4,11,-1,"z",1212
4,11,3,"m",950
4,11,0,"m",3898
4,12,0,"z",1827
4,12,1,"z",1277
4,12,-1,"z",1240
4,12,-1,"z",1523
4,12,4,"z",2517
4,12,0,"z",979
4,12,0,"m",1261
4,12,0,"z",1449
4,12,3,"m",861
4,12,2,"z",1036
4,12,0,"z",1194
4,12,-1,"m",1048
4,12,0,"m",1288
4,12,0,"z",928
4,12,0,"z",2556
4,12,-1,"m",817
4,13,0,"z",751
4,13,0,"m",2507
4,13,0,"z",1035
4,13,2,"z",1455
4,13,-1,"z",726
4,13,3,"z",997
4,13,0,"m",1008
4,13,1,"m",1093
4,13,-1,"z",780
4,13,-1,"z",794
4,13,0,"z",1944
4,13,4,"m",834
4,13,0,"z",831
4,13,-1,"z",668
4,13,0,"m",822
4,13,0,"z",1334
4,14,-1,"m",32583
4,14,-1,"z",2390
4,14,0,"z",1924
4,14,0,"z",1251
4,14,0,"m",823
4,14,0,"z",1211
4,14,2,"z",1192
4,14,-1,"m",735
4,14,0,"z",606
4,14,0,"z",978
4,14,0,"z",1316
4,14,4,"z",713
4,14,1,"m",839
4,14,3,"z",821
4,14,0,"z",522
4,14,-1,"z",833
4,15,3,"m",9127
4,15,4,"z",1194
4,15,-1,"z",785
4,15,0,"z",928
4,15,0,"z",677
4,15,0,"z",1592
4,15,0,"z",1064
4,15,0,"z",1757
4,15,2,"z",1008
4,15,-1,"m",741
4,15,-1,"z",577
4,15,0,"m",539
4,15,1,"z",352
4,15,0,"z",940
4,15,-1,"m",1671
4,15,0,"z",857
4,16,0,"z",1288
4,16,2,"z",639
4,16,0,"z",1114
4,16,4,"m",725
4,16,-1,"z",1094
4,16,0,"z",763
4,16,0,"m",946
4,16,3,"m",853
4,16,-1,"z",849
4,16,0,"z",726
4,16,1,"z",609
4,16,0,"z",753
4,16,0,"m",570
4,16,0,"z",626
4,16,-1,"z",1494
4,16,-1,"m",1379
4,17,0,"m",16220
4,17,-1,"z",1044
4,17,-1,"z",2109
4,17,0,"m",1292
4,17,3,"m",1221
4,17,-1,"z",1349
4,17,-1,"z",1311
4,17,0,"z",492
4,17,4,"z",1604
4,17,2,"m",1193
4,17,1,"z",940
4,17,0,"z",704
4,17,0,"m",1126
4,17,0,"z",1213
4,17,0,"z",630
4,17,0,"z",902
4,18,0,"z",17433
4,18,-1,"z",1995
4,18,0,"m",725
4,18,-1,"z",675
4,18,0,"z",1503
4,18,-1,"m",384
4,18,0,"z",393
4,18,0,"m",364
4,18,1,"m",1085
4,18,-1,"z",312
4,18,3,"z",325
4,18,0,"z",311
4,18,0,"z",304
4,18,0,"m",412
4,18,4,"z",334
4,18,2,"z",285
4,19,-1,"z",1485
4,19,0,"z",794
4,19,2,"z",1045
4,19,-1,"m",574
4,19,3,"z",1222
4,19,1,"z",614
4,19,0,"z",675
4,19,0,"m",539
4,19,-1,"z",1017
4,19,4,"z",1026
4,19,0,"z",763
4,19,0,"z",1096
4,19,0,"m",568
4,19,0,"z",647
4,19,-1,"z",1008
4,19,0,"m",849
4,20,2,"z",8856
4,20,0,"z",403
4,20,-1,"z",384
4,20,0,"m",912
4,20,0,"z",539
4,20,-1,"z",609
4,20,-1,"m",492
4,20,1,"z",344
4,20,0,"z",2265
4,20,0,"m",958
4,20,0,"z",510
4,20,4,"z",872
4,20,0,"z",1367
4,20,3,"m",890
4,20,-1,"z",781
4,20,0,"z",657
5,0,0,"m",630
5,0,-1,"m",312
5,0,-1,"m",142
5,0,0,"m",92
5,0,0,"m",119
5,0,0,"z",1301
5,0,1,"z",95
5,0,2,"z",244
5,0,0,"z",192
5,0,4,"z",277
5,0,0,"z",249
5,0,0,"z",430
5,0,-1,"z",95
5,0,3,"z",119
5,0,0,"z",270
5,0,-1,"z",95
5,1,0,"z",2951
5,1,-1,"z",1509
5,1,0,"z",1198
5,1,-1,"z",835
5,1,-1,"m",394
5,1,0,"z",506
5,1,2,"m",174
5,1,-1,"z",670
5,1,0,"m",391
5,1,0,"z",338
5,1,0,"m",1731
5,1,1,"m",710
5,1,0,"m",657
5,1,4,"z",838
5,1,0,"z",811
5,1,3,"m",463
5,2,4,"z",3803
5,2,3,"z",1005
5,2,0,"m",2546
5,2,0,"m",662
5,2,-1,"z",598
5,2,-1,"z",691
5,2,0,"z",715
5,2,0,"z",715
5,2,-1,"z",714
5,2,0,"m",678
5,2,0,"z",621
5,2,2,"z",787
5,2,-1,"m",515
5,2,1,"z",695
5,2,0,"m",654
5,2,0,"z",621
5,3,0,"m",1745
5,3,-1,"z",1177
5,3,-1,"m",873
5,3,0,"m",928
5,3,-1,"z",913
5,3,1,"z",909
5,3,2,"m",1620
5,3,0,"m",954
5,3,-1,"z",726
5,3,4,"z",719
5,3,0,"z",739
5,3,0,"m",780
5,3,0,"z",742
5,3,0,"z",855
5,3,0,"z",739
5,3,3,"z",931
5,4,2,"z",2262
5,4,0,"z",694
5,4,0,"m",1262
5,4,0,"m",1481
5,4,1,"z",867
5,4,0,"z",1055
5,4,0,"m",758
5,4,0,"m",1245
5,4,-1,"z",1115
5,4,-1,"z",1173
5,4,0,"z",1170
5,4,0,"m",1118
5,4,-1,"z",1260
5,4,4,"m",763
5,4,-1,"z",1423
5,4,3,"z",811
5,5,3,"z",1022
5,5,0,"z",658
5,5,0,"z",644
5,5,-1,"m",584
5,5,0,"m",849
5,5,1,"z",861
5,5,-1,"m",946
5,5,0,"z",792
5,5,4,"z",795
5,5,-1,"m",402
5,5,0,"z",440
5,5,0,"m",570
5,5,0,"z",569
5,5,-1,"z",674
5,5,0,"z",1132
5,5,2,"z",623
5,6,0,"z",1646
5,6,2,"z",97
5,6,-1,"z",45
5,6,0,"z",128
5,6,1,"m",404
5,6,0,"z",103
5,6,-1,"z",45
5,6,-1,"m",31
5,6,0,"m",43
5,6,0,"m",18
5,6,0,"z",34
5,6,4,"z",30
5,6,-1,"m",71
5,6,0,"z",125
5,6,0,"z",155
5,6,3,"m",15
5,7,0,"m",3028
5,7,-1,"z",1018
5,7,-1,"z",1366
5,7,1,"z",719
5,7,0,"z",691
5,7,0,"z",600
5,7,0,"m",753
5,7,3,"z",538
5,7,-1,"z",618
5,7,0,"z",691
5,7,0,"z",1102
5,7,0,"m",543
5,7,0,"z",534
5,7,2,"m",398
5,7,4,"z",557
5,7,-1,"m",805
5,8,3,"m",1045
5,8,-1,"z",595
5,8,0,"m",422
5,8,0,"z",295
5,8,1,"z",738
5,8,4,"z",599
5,8,0,"m",563
5,8,0,"z",424
5,8,0,"m",471
5,8,-1,"z",422
5,8,0,"m",427
5,8,-1,"z",375
5,8,-1,"m",459
5,8,2,"m",385
5,8,0,"z",477
5,8,0,"m",522
5,9,-1,"z",6954
5,9,-1,"z",339
5,9,0,"z",117
5,9,0,"z",67
5,9,2,"m",543
5,9,-1,"m",93
5,9,4,"z",118
5,9,0,"m",74
5,9,0,"z",6
5,9,0,"z",112
5,9,0,"z",255
5,9,1,"z",94
5,9,3,"m",279
5,9,-1,"m",95
5,9,0,"z",253
5,9,0,"m",83
5,10,4,"z",1362
5,10,0,"z",454
5,10,0,"z",580
5,10,0,"m",1767
5,10,1,"m",1129
5,10,0,"z",623
5,10,-1,"m",397
5,10,0,"z",425
5,10,0,"m",370
5,10,-1,"m",457
5,10,-1,"z",512
5,10,3,"z",718
5,10,2,"m",327
5,10,0,"z",355
5,10,-1,"z",646
5,10,0,"m",611
5,11,2,"z",930
5,11,4,"m",363
5,11,0,"z",32
5,11,0,"m",39
5,11,0,"z",83
5,11,-1,"m",83
5,11,0,"m",34
5,11,1,"m",68
5,11,-1,"z",24
5,11,0,"z",120
5,11,0,"z",40
5,11,-1,"m",36
5,11,0,"z",125
5,11,-1,"m",471
5,11,3,"z",93
5,11,0,"z",68
5,12,0,"z",1410
5,12,1,"z",460
5,12,-1,"m",1237
5,12,-1,"z",751
5,12,4,"z",794
5,12,0,"m",686
5,12,0,"z",484
5,12,0,"m",322
5,12,3,"z",224
5,12,2,"z",44
5,12,0,"m",370
5,12,-1,"z",371
5,12,0,"m",159
5,12,0,"z",366
5,12,0,"m",419
5,12,-1,"z",365
5,13,0,"m",17069
5,13,0,"z",299
5,13,0,"m",74
5,13,2,"z",35
5,13,-1,"z",152
5,13,3,"m",15
5,13,0,"m",88
5,13,1,"m",60
5,13,-1,"z",147
5,13,-1,"z",153
5,13,0,"z",116
5,13,4,"z",136
5,13,0,"m",110
5,13,-1,"z",31
5,13,0,"z",223
5,13,0,"m",160
5,14,-1,"z",4164
5,14,-1,"m",637
5,14,0,"z",252
5,14,0,"z",646
5,14,0,"m",230
5,14,0,"z",438
5,14,2,"m",35
5,14,-1,"z",255
5,14,0,"m",1045
5,14,0,"z",439
5,14,0,"m",62
5,14,4,"z",256
5,14,1,"z",260
5,14,3,"m",221
5,14,0,"z",252
5,14,-1,"m",423
5,15,3,"z",7075
5,15,4,"m",70
5,15,-1,"z",38
5,15,0,"z",56
5,15,0,"z",68
5,15,0,"z",249
5,15,0,"z",117
5,15,0,"z",86
5,15,2,"z",65
5,15,-1,"z",84
5,15,-1,"z",54
5,15,0,"z",91
5,15,1,"z",87
5,15,0,"m",265
5,15,-1,"z",36
5,15,0,"m",43
5,16,0,"m",2766
5,16,2,"z",1636
5,16,0,"m",1237
5,16,4,"z",698
5,16,-1,"m",901
5,16,0,"z",750
5,16,0,"m",1305
5,16,3,"z",745
5,16,-1,"z",953
5,16,0,"m",609
5,16,1,"z",1397
5,16,0,"m",878
5,16,0,"m",1383
5,16,0,"m",738
5,16,-1,"z",1110
5,16,-1,"m",779
5,17,0,"z",9219
5,17,-1,"z",316
5,17,-1,"z",44
5,17,0,"z",19
5,17,3,"z",159
5,17,-1,"z",40
5,17,-1,"z",110
5,17,0,"z",43
5,17,4,"z",125
5,17,2,"z",109
5,17,1,"z",47
5,17,0,"z",24
5,17,0,"z",212
5,17,0,"z",37
5,17,0,"z",123
5,17,0,"z",39
5,18,0,"z",2118
5,18,-1,"m",554
5,18,0,"m",91
5,18,-1,"m",39
5,18,0,"z",325
5,18,-1,"z",23
5,18,0,"z",42
5,18,0,"m",188
5,18,1,"z",52
5,18,-1,"m",39
5,18,3,"z",46
5,18,0,"m",91
5,18,0,"m",51
5,18,0,"z",60
5,18,4,"m",287
5,18,2,"m",85
5,19,-1,"z",16139
5,19,0,"m",1430
5,19,2,"z",89
5,19,-1,"m",48
5,19,3,"m",171
5,19,1,"m",90
5,19,0,"m",11
5,19,0,"z",61
5,19,-1,"m",87
5,19,4,"z",138
5,19,0,"z",194
5,19,0,"m",102
5,19,0,"z",97
5,19,0,"m",15
5,19,-1,"m",172
5,19,0,"z",37
5,20,2,"z",21070
5,20,0,"m",797
5,20,-1,"z",88
5,20,0,"z",58
5,20,0,"m",18
5,20,-1,"m",67
5,20,-1,"z",13
5,20,1,"z",386
5,20,0,"z",20
5,20,0,"z",160
5,20,0,"z",95
5,20,4,"m",185
5,20,0,"z",217
5,20,3,"z",257
5,20,-1,"z",148
5,20,0,"m",92
6,0,0,"m",1619
6,0,-1,"z",5567
6,0,-1,"m",1720
6,0,0,"m",1135
6,0,0,"z",1184
6,0,0,"m",2353
6,0,1,"z",3696
6,0,2,"z",1163
6,0,0,"m",735
6,0,4,"z",646
6,0,0,"m",1650
6,0,0,"z",767
6,0,-1,"m",5229
6,0,3,"z",1719
6,0,0,"m",1452
6,0,-1,"z",1211
6,1,0,"m",33543
6,1,-1,"m",1802
6,1,0,"m",1120
6,1,-1,"m",714
6,1,-1,"z",1103
6,1,0,"z",862
6,1,2,"m",547
6,1,-1,"z",285
6,1,0,"m",304
6,1,0,"m",344
6,1,0,"z",255
6,1,1,"m",247
6,1,0,"z",413
6,1,4,"m",247
6,1,0,"m",226
6,1,3,"z",251
6,2,4,"m",1685
6,2,3,"z",1119
6,2,0,"z",656
6,2,0,"m",1054
6,2,-1,"z",264
6,2,-1,"m",1298
6,2,0,"m",1503
6,2,0,"z",772
6,2,-1,"m",1358
6,2,0,"z",529
6,2,0,"m",1201
6,2,2,"m",869
6,2,-1,"z",3985
6,2,1,"m",1358
6,2,0,"z",1812
6,2,0,"m",4066
6,3,0,"m",2904
6,3,-1,"z",862
6,3,-1,"z",1969
6,3,0,"m",1580
6,3,-1,"z",1348
6,3,1,"m",1221
6,3,2,"z",2511
6,3,0,"z",988
6,3,-1,"m",1472
6,3,4,"m",714
6,3,0,"m",1842
6,3,0,"z",1153
6,3,0,"z",616
6,3,0,"m",966
6,3,0,"z",1775
6,3,3,"m",928
6,4,2,"z",2826
6,4,0,"z",501
6,4,0,"z",794
6,4,0,"m",987
6,4,1,"m",354
6,4,0,"m",558
6,4,0,"z",275
6,4,0,"z",950
6,4,-1,"m",500
6,4,-1,"z",676
6,4,0,"m",645
6,4,0,"m",605
6,4,-1,"z",1396
6,4,4,"z",1532
6,4,-1,"m",665
6,4,3,"z",283
6,5,3,"m",2199
6,5,0,"z",1004
6,5,0,"z",667
6,5,-1,"m",345
6,5,0,"z",547
6,5,1,"m",394
6,5,-1,"z",392
6,5,0,"z",317
6,5,4,"z",706
6,5,-1,"m",412
6,5,0,"z",296
6,5,0,"z",1194
6,5,0,"m",479
6,5,-1,"m",887
6,5,0,"z",335
6,5,2,"z",7910
6,6,0,"m",29501
6,6,2,"z",917
6,6,-1,"z",305
6,6,0,"m",395
6,6,1,"z",301
6,6,0,"m",237
6,6,-1,"z",305
6,6,-1,"z",5926
6,6,0,"m",6422
6,6,0,"z",3112
6,6,0,"m",2413
6,6,4,"z",1175
6,6,-1,"m",4705
6,6,0,"z",1505
6,6,0,"m",1661
6,6,3,"m",1581
6,7,0,"m",18075
6,7,-1,"z",2339
6,7,-1,"z",1065
6,7,1,"m",5801
6,7,0,"m",1700
6,7,0,"z",2254
6,7,0,"m",2002
6,7,3,"z",1778
6,7,-1,"z",4654
6,7,0,"z",1057
6,7,0,"m",969
6,7,0,"z",2549
6,7,0,"m",2529
6,7,2,"z",1228
6,7,4,"m",2938
6,7,-1,"z",773
6,8,3,"z",10351
6,8,-1,"m",841
6,8,0,"m",1415
6,8,0,"z",422
6,8,1,"z",446
6,8,4,"m",511
6,8,0,"m",1054
6,8,0,"z",3881
6,8,0,"z",1339
6,8,-1,"m",4612
6,8,0,"z",27551
6,8,-1,"m",988
6,8,-1,"z",1366
6,8,2,"m",1514
6,8,0,"z",1687
6,8,0,"z",1037
6,9,-1,"m",30894
6,9,-1,"z",1062
6,9,0,"z",2108
6,9,0,"m",2425
6,9,2,"z",2262
6,9,-1,"z",1914
6,9,4,"m",1747
6,9,0,"m",860
6,9,0,"z",1804
6,9,0,"m",1271
6,9,0,"m",1308
6,9,1,"z",1171
6,9,3,"z",746
6,9,-1,"z",609
6,9,0,"m",246
6,9,0,"m",550
6,10,4,"m",21783
6,10,0,"z",1141
6,10,0,"z",225
6,10,0,"z",850
6,10,1,"m",1037
6,10,0,"m",1103
6,10,-1,"z",638
6,10,0,"z",843
6,10,0,"m",978
6,10,-1,"m",675
6,10,-1,"z",579
6,10,3,"z",695
6,10,2,"m",773
6,10,0,"m",1290
6,10,-1,"z",449
6,10,0,"m",1134
6,11,2,"z",2210
6,11,4,"m",968
6,11,0,"m",243
6,11,0,"z",1201
6,11,0,"m",490
6,11,-1,"m",421
6,11,0,"m",401
6,11,1,"z",284
6,11,-1,"z",1018
6,11,0,"m",587
6,11,0,"m",314
6,11,-1,"m",879
6,11,0,"z",605
6,11,-1,"m",493
6,11,3,"z",237
6,11,0,"z",268
6,12,0,"z",19650
6,12,1,"m",655
6,12,-1,"m",703
6,12,-1,"z",401
6,12,4,"z",678
6,12,0,"z",2496
6,12,0,"m",3479
6,12,0,"z",34281
6,12,3,"m",1490
6,12,2,"z",1164
6,12,0,"z",776
6,12,-1,"m",1055
6,12,0,"z",947
6,12,0,"z",773
6,12,0,"m",1038
6,12,-1,"z",480
6,13,0,"z",17087
6,13,0,"z",771
6,13,0,"m",397
6,13,2,"z",342
6,13,-1,"m",824
6,13,3,"z",615
6,13,0,"m",580
6,13,1,"z",585
6,13,-1,"m",552
6,13,-1,"m",627
6,13,0,"m",1033
6,13,4,"z",332
6,13,0,"z",627
6,13,-1,"m",803
6,13,0,"z",313
6,13,0,"z",678
6,14,-1,"z",1569
6,14,-1,"m",694
6,14,0,"z",88
6,14,0,"m",1921
6,14,0,"m",1126
6,14,0,"m",1179
6,14,2,"z",1121
6,14,-1,"m",1856
6,14,0,"z",377
6,14,0,"m",1272
6,14,0,"m",3378
6,14,4,"z",1103
6,14,1,"m",1128
6,14,3,"m",794
6,14,0,"z",764
6,14,-1,"m",505
6,15,3,"z",957
6,15,4,"z",1083
6,15,-1,"m",1592
6,15,0,"m",1248
6,15,0,"m",2409
6,15,0,"z",850
6,15,0,"m",1154
6,15,0,"z",420
6,15,2,"z",470
6,15,-1,"z",1000
6,15,-1,"z",1528
6,15,0,"z",542
6,15,1,"m",424
6,15,0,"m",734
6,15,-1,"z",225
6,15,0,"m",454
6,16,0,"z",6604
6,16,2,"m",450
6,16,0,"m",451
6,16,4,"z",790
6,16,-1,"m",629
6,16,0,"m",275
6,16,0,"z",859
6,16,3,"m",1681
6,16,-1,"m",343
6,16,0,"m",391
6,16,1,"z",947
6,16,0,"z",266
6,16,0,"m",1143
6,16,0,"z",508
6,16,-1,"z",461
6,16,-1,"m",693
6,17,0,"z",12577
6,17,-1,"z",410
6,17,-1,"m",443
6,17,0,"m",267
6,17,3,"m",236
6,17,-1,"z",171
6,17,-1,"m",1477
6,17,0,"z",440
6,17,4,"z",511
6,17,2,"m",257
6,17,1,"m",274
6,17,0,"z",304
6,17,0,"m",265
6,17,0,"z",263
6,17,0,"m",297
6,17,0,"m",314
6,18,0,"m",23916
6,18,-1,"z",3148
6,18,0,"z",1229
6,18,-1,"m",2029
6,18,0,"m",1416
6,18,-1,"z",1123
6,18,0,"z",649
6,18,0,"m",722
6,18,1,"z",1374
6,18,-1,"m",443
6,18,3,"m",967
6,18,0,"z",957
6,18,0,"m",685
6,18,0,"z",587
6,18,4,"m",452
6,18,2,"z",478
6,19,-1,"z",9287
6,19,0,"z",587
6,19,2,"m",462
6,19,-1,"m",1340
6,19,3,"z",705
6,19,1,"z",793
6,19,0,"m",1299
6,19,0,"m",716
6,19,-1,"z",548
6,19,4,"m",590
6,19,0,"z",520
6,19,0,"m",521
6,19,0,"z",618
6,19,0,"m",697
6,19,-1,"z",558
6,19,0,"z",639
6,20,2,"m",7184
6,20,0,"z",2137
6,20,-1,"z",294
6,20,0,"m",1172
6,20,0,"z",305
6,20,-1,"m",880
6,20,-1,"m",822
6,20,1,"z",252
6,20,0,"m",493
6,20,0,"z",499
6,20,0,"m",569
6,20,4,"m",647
6,20,0,"z",440
6,20,3,"z",1231
6,20,-1,"m",258
6,20,0,"m",2781
7,0,0,"z",2925
7,0,-1,"z",2648
7,0,-1,"m",4070
7,0,0,"z",1235
7,0,0,"m",1262
7,0,0,"m",1076
7,0,1,"z",1137
7,0,2,"z",1030
7,0,0,"m",1142
7,0,4,"z",923
7,0,0,"m",924
7,0,0,"m",1890
7,0,-1,"z",511
7,0,3,"z",819
7,0,0,"m",519
7,0,-1,"z",1416
7,1,0,"m",1786
7,1,-1,"z",1300
7,1,0,"m",1026
7,1,-1,"z",874
7,1,-1,"z",1516
7,1,0,"m",566
7,1,2,"z",1092
7,1,-1,"m",1236
7,1,0,"z",1421
7,1,0,"m",566
7,1,0,"m",1365
7,1,1,"z",1158
7,1,0,"m",616
7,1,4,"m",550
7,1,0,"z",1086
7,1,3,"z",690
7,2,4,"z",1483
7,2,3,"z",1075
7,2,0,"m",514
7,2,0,"m",1126
7,2,-1,"z",634
7,2,-1,"z",979
7,2,0,"z",789
7,2,0,"m",446
7,2,-1,"m",867
7,2,0,"m",360
7,2,0,"z",295
7,2,2,"m",277
7,2,-1,"z",372
7,2,1,"z",695
7,2,0,"m",571
7,2,0,"z",224
7,3,0,"z",1608
7,3,-1,"m",871
7,3,-1,"m",909
7,3,0,"m",1777
7,3,-1,"z",750
7,3,1,"m",1018
7,3,2,"m",1105
7,3,0,"z",726
7,3,-1,"m",397
7,3,4,"z",850
7,3,0,"m",590
7,3,0,"m",933
7,3,0,"m",861
7,3,0,"m",1179
7,3,0,"z",490
7,3,3,"m",1620
7,4,2,"z",1373
7,4,0,"m",1042
7,4,0,"z",986
7,4,0,"m",970
7,4,1,"m",380
7,4,0,"z",578
7,4,0,"m",300
7,4,0,"z",247
7,4,-1,"m",1070
7,4,-1,"z",1590
7,4,0,"m",826
7,4,0,"z",510
7,4,-1,"m",235
7,4,4,"z",317
7,4,-1,"m",40
7,4,3,"m",84
7,5,3,"z",75589
7,5,0,"m",1088
7,5,0,"z",392
7,5,-1,"m",138
7,5,0,"z",56
7,5,1,"m",39
7,5,-1,"z",9
7,5,0,"m",38
7,5,4,"z",3
7,5,-1,"m",15
7,5,0,"z",1393
7,5,0,"m",418
7,5,0,"m",885
7,5,-1,"m",238
7,5,0,"z",366
7,5,2,"z",262
7,6,0,"m",1810
7,6,2,"m",743
7,6,-1,"z",440
7,6,0,"z",1029
7,6,1,"m",206
7,6,0,"m",671
7,6,-1,"z",371
7,6,-1,"m",308
7,6,0,"z",298
7,6,0,"m",208
7,6,0,"z",227
7,6,4,"m",135
7,6,-1,"z",730
7,6,0,"m",210
7,6,0,"z",200
7,6,3,"m",211
7,7,0,"m",1695
7,7,-1,"m",785
7,7,-1,"z",1013
7,7,1,"m",658
7,7,0,"m",526
7,7,0,"z",1085
7,7,0,"m",611
7,7,3,"z",970
7,7,-1,"m",591
7,7,0,"m",1317
7,7,0,"z",817
7,7,0,"m",450
7,7,0,"m",741
7,7,2,"z",942
7,7,4,"z",1389
7,7,-1,"m",733
7,8,3,"z",1865
7,8,-1,"m",1355
7,8,0,"m",1245
7,8,0,"m",816
7,8,1,"m",2063
7,8,4,"m",718
7,8,0,"m",1968
7,8,0,"z",348
7,8,0,"m",284
7,8,-1,"z",294
7,8,0,"m",184
7,8,-1,"m",530
7,8,-1,"z",1277
7,8,2,"m",494
7,8,0,"z",343
7,8,0,"m",235
7,9,-1,"z",23760
7,9,-1,"m",373
7,9,0,"z",205
7,9,0,"m",64
7,9,2,"z",7
7,9,-1,"m",16
7,9,4,"m",107
7,9,0,"m",27
7,9,0,"z",914
7,9,0,"z",622
7,9,0,"m",687
7,9,1,"z",584
7,9,3,"m",275
7,9,-1,"z",248
7,9,0,"m",284
7,9,0,"z",179
7,10,4,"z",9940
7,10,0,"m",1145
7,10,0,"z",485
7,10,0,"m",322
7,10,1,"m",1052
7,10,0,"z",914
7,10,-1,"m",278
7,10,0,"z",274
7,10,0,"m",154
7,10,-1,"z",366
7,10,-1,"m",285
7,10,3,"z",796
7,10,2,"m",421
7,10,0,"z",1086
7,10,-1,"m",275
7,10,0,"z",78
7,11,2,"z",978
7,11,4,"m",799
7,11,0,"z",677
7,11,0,"m",273
7,11,0,"m",430
7,11,-1,"z",392
7,11,0,"m",1362
7,11,1,"m",103
7,11,-1,"z",32
7,11,0,"m",1657
7,11,0,"z",295
7,11,-1,"m",134
7,11,0,"z",27
7,11,-1,"m",90
7,11,3,"z",27
7,11,0,"m",14
7,12,0,"z",1447
7,12,1,"m",229
7,12,-1,"z",136
7,12,-1,"m",117
7,12,4,"z",55
7,12,0,"m",44
7,12,0,"z",83
7,12,0,"m",63
7,12,3,"z",3
7,12,2,"m",38
7,12,0,"z",32
7,12,-1,"m",15
7,12,0,"z",175
7,12,0,"z",365
7,12,0,"m",378
7,12,-1,"z",579
7,13,0,"z",21898
7,13,0,"m",799
7,13,0,"z",128
7,13,2,"z",111
7,13,-1,"m",14
7,13,3,"z",7
7,13,0,"m",12
7,13,1,"z",8
7,13,-1,"m",13
7,13,-1,"z",33
7,13,0,"z",287
7,13,4,"m",229
7,13,0,"z",1705
7,13,-1,"m",681
7,13,0,"z",391
7,13,0,"m",306
7,14,-1,"z",16239
7,14,-1,"m",11
7,14,0,"z",37
7,14,0,"m",13
7,14,0,"m",129
7,14,0,"m",84
7,14,2,"m",110
7,14,-1,"m",105
7,14,0,"m",85
7,14,0,"z",61
7,14,0,"z",50
7,14,4,"z",100
7,14,1,"m",12
7,14,3,"z",386
7,14,0,"m",424
7,14,-1,"z",80
7,15,3,"z",1262
7,15,4,"m",307
7,15,-1,"z",157
7,15,0,"m",92
7,15,0,"z",84
7,15,0,"m",64
7,15,0,"z",8
7,15,0,"m",63
7,15,2,"z",32
7,15,-1,"m",63
7,15,-1,"z",822
7,15,0,"z",456
7,15,1,"m",399
7,15,0,"z",323
7,15,-1,"m",256
7,15,0,"z",391
7,16,0,"z",26602
7,16,2,"z",598
7,16,0,"m",886
7,16,4,"z",271
7,16,-1,"m",163
7,16,0,"z",74
7,16,0,"m",39
7,16,3,"z",4
7,16,-1,"m",63
7,16,0,"z",311
7,16,1,"z",168
7,16,0,"z",191
7,16,0,"m",60
7,16,0,"m",92
7,16,-1,"z",2
7,16,-1,"m",16
7,17,0,"z",20096
7,17,-1,"m",202
7,17,-1,"z",183
7,17,0,"z",359
7,17,3,"z",221
7,17,-1,"m",301
7,17,-1,"z",152
7,17,0,"m",62
7,17,4,"z",126
7,17,2,"m",12
7,17,1,"z",78
7,17,0,"m",37
7,17,0,"z",131
7,17,0,"m",355
7,17,0,"z",129
7,17,0,"m",14
7,18,0,"z",29929
7,18,-1,"m",115
7,18,0,"m",342
7,18,-1,"z",295
7,18,0,"m",115
7,18,-1,"z",103
7,18,0,"m",92
7,18,0,"z",83
7,18,1,"m",91
7,18,-1,"z",36
7,18,3,"m",92
7,18,0,"z",60
7,18,0,"m",68
7,18,0,"z",35
7,18,4,"m",68
7,18,2,"z",36
7,19,-1,"z",18741
7,19,0,"m",90
7,19,2,"z",59
7,19,-1,"z",113
7,19,3,"m",36
7,19,1,"m",155
7,19,0,"z",28
7,19,0,"m",255
7,19,-1,"z",126
7,19,4,"m",87
7,19,0,"z",4
7,19,0,"z",221
7,19,0,"m",276
7,19,0,"z",342
7,19,-1,"m",112
7,19,0,"z",54
7,20,2,"z",51355
7,20,0,"m",821
7,20,-1,"z",149
7,20,0,"m",39
7,20,0,"z",180
7,20,-1,"m",90
7,20,-1,"z",7
7,20,1,"z",86
7,20,0,"m",36
7,20,0,"m",61
7,20,0,"m",90
7,20,4,"m",55
7,20,0,"m",66
7,20,3,"z",109
7,20,-1,"m",48
7,20,0,"m",51
8,0,0,"z",3299
8,0,-1,"z",1362
8,0,-1,"z",2858
8,0,0,"m",2001
8,0,0,"m",4172
8,0,0,"m",2916
8,0,1,"z",820
8,0,2,"z",686
8,0,0,"m",1669
8,0,4,"z",782
8,0,0,"z",2931
8,0,0,"z",725
8,0,-1,"m",2364
8,0,3,"z",2059
8,0,0,"z",726
8,0,-1,"z",1721
8,1,0,"z",2005
8,1,-1,"z",1182
8,1,0,"z",1321
8,1,-1,"z",3600
8,1,-1,"z",1603
8,1,0,"z",580
8,1,2,"z",1545
8,1,-1,"m",2362
8,1,0,"m",1649
8,1,0,"m",1018
8,1,0,"z",688
8,1,1,"m",1729
8,1,0,"z",606
8,1,4,"z",657
8,1,0,"z",1245
8,1,3,"m",1192
8,2,4,"z",2263
8,2,3,"z",2056
8,2,0,"z",1796
8,2,0,"m",854
8,2,-1,"m",3253
8,2,-1,"m",1368
8,2,0,"z",734
8,2,0,"z",655
8,2,-1,"z",733
8,2,0,"m",1301
8,2,0,"z",3296
8,2,2,"z",677
8,2,-1,"m",1340
8,2,1,"m",1258
8,2,0,"z",675
8,2,0,"m",2129
8,3,0,"z",2446
8,3,-1,"m",2340
8,3,-1,"m",1240
8,3,0,"z",2567
8,3,-1,"z",512
8,3,1,"z",1535
8,3,2,"m",1105
8,3,0,"z",685
8,3,-1,"m",4393
8,3,4,"z",987
8,3,0,"z",1290
8,3,0,"m",1895
8,3,0,"z",804
8,3,0,"z",1768
8,3,0,"z",1173
8,3,3,"z",1047
8,4,2,"z",6493
8,4,0,"z",1171
8,4,0,"m",1657
8,4,0,"m",949
8,4,1,"z",607
8,4,0,"z",724
8,4,0,"z",902
8,4,0,"m",1096
8,4,-1,"m",1631
8,4,-1,"z",654
8,4,0,"m",939
8,4,0,"z",723
8,4,-1,"z",1053
8,4,4,"m",919
8,4,-1,"z",624
8,4,3,"m",1916
8,5,3,"z",3810
8,5,0,"z",1172
8,5,0,"m",1340
8,5,-1,"z",1327
8,5,0,"m",791
8,5,1,"z",635
8,5,-1,"m",1892
8,5,0,"z",1015
8,5,4,"z",3628
8,5,-1,"m",1903
8,5,0,"m",1005
8,5,0,"z",1057
8,5,0,"m",948
8,5,-1,"m",2001
8,5,0,"m",861
8,5,2,"z",832
8,6,0,"m",2932
8,6,2,"m",830
8,6,-1,"z",654
8,6,0,"z",1856
8,6,1,"z",1036
8,6,0,"m",840
8,6,-1,"m",723
8,6,-1,"z",2196
8,6,0,"z",840
8,6,0,"m",880
8,6,0,"m",1093
8,6,4,"z",1728
8,6,-1,"m",3101
8,6,0,"m",1524
8,6,0,"z",594
8,6,3,"z",1228
8,7,0,"z",2080
8,7,-1,"z",1620
8,7,-1,"m",791
8,7,1,"m",800
8,7,0,"m",1123
8,7,0,"z",723
8,7,0,"z",1339
8,7,3,"m",971
8,7,-1,"z",606
8,7,0,"m",3564
8,7,0,"z",637
8,7,0,"m",863
8,7,0,"z",1144
8,7,2,"z",762
8,7,4,"m",2428
8,7,-1,"z",1279
8,8,3,"z",2222
8,8,-1,"z",750
8,8,0,"z",1279
8,8,0,"m",783
8,8,1,"m",1173
8,8,4,"z",516
8,8,0,"m",832
8,8,0,"z",1268
8,8,0,"m",840
8,8,-1,"m",1407
8,8,0,"m",2099
8,8,-1,"z",509
8,8,-1,"m",1240
8,8,2,"z",1395
8,8,0,"z",729
8,8,0,"m",899
8,9,-1,"z",3190
8,9,-1,"m",1718
8,9,0,"m",949
8,9,0,"m",1240
8,9,2,"z",452
8,9,-1,"m",899
8,9,4,"z",2001
8,9,0,"m",1048
8,9,0,"m",1415
8,9,0,"z",704
8,9,0,"z",999
8,9,1,"m",804
8,9,3,"z",1025
8,9,-1,"m",715
8,9,0,"z",2207
8,9,0,"m",1319
8,10,4,"z",2483
8,10,0,"m",1325
8,10,0,"z",626
8,10,0,"z",1454
8,10,1,"m",909
8,10,0,"z",1248
8,10,-1,"m",1122
8,10,0,"z",686
8,10,0,"z",898
8,10,-1,"z",714
8,10,-1,"m",605
8,10,3,"z",1095
8,10,2,"m",664
8,10,0,"m",916
8,10,-1,"z",693
8,10,0,"m",1367
8,11,2,"z",79334
8,11,4,"z",3036
8,11,0,"z",1503
8,11,0,"m",626
8,11,0,"z",859
8,11,-1,"m",616
8,11,0,"m",636
8,11,1,"m",801
8,11,-1,"z",596
8,11,0,"z",683
8,11,0,"z",697
8,11,-1,"z",861
8,11,0,"m",644
8,11,-1,"m",889
8,11,3,"z",635
8,11,0,"m",696
8,12,0,"m",1845
8,12,1,"z",625
8,12,-1,"z",575
8,12,-1,"z",626
8,12,4,"z",996
8,12,0,"m",1329
8,12,0,"z",1326
8,12,0,"m",734
8,12,3,"m",520
8,12,2,"z",959
8,12,0,"z",841
8,12,-1,"m",880
8,12,0,"m",1689
8,12,0,"m",1632
8,12,0,"z",657
8,12,-1,"m",1231
8,13,0,"m",2865
8,13,0,"m",1766
8,13,0,"z",528
8,13,2,"z",668
8,13,-1,"m",971
8,13,3,"z",898
8,13,0,"z",1085
8,13,1,"m",1465
8,13,-1,"z",1373
8,13,-1,"m",2566
8,13,0,"m",1140
8,13,4,"z",510
8,13,0,"z",782
8,13,-1,"m",1046
8,13,0,"z",1532
8,13,0,"m",779
8,14,-1,"z",16655
8,14,-1,"m",1169
8,14,0,"z",518
8,14,0,"z",754
8,14,0,"m",749
8,14,0,"z",830
8,14,2,"m",752
8,14,-1,"z",793
8,14,0,"z",958
8,14,0,"z",801
8,14,0,"m",763
8,14,4,"z",664
8,14,1,"z",725
8,14,3,"m",667
8,14,0,"z",500
8,14,-1,"z",714
8,15,3,"z",2312
8,15,4,"z",1258
8,15,-1,"m",586
8,15,0,"m",1309
8,15,0,"z",577
8,15,0,"z",1074
8,15,0,"m",850
8,15,0,"z",598
8,15,2,"z",498
8,15,-1,"z",713
8,15,-1,"m",839
8,15,0,"m",890
8,15,1,"z",529
8,15,0,"z",1063
8,15,-1,"z",947
8,15,0,"m",919
8,16,0,"z",1817
8,16,2,"z",656
8,16,0,"z",871
8,16,4,"z",1191
8,16,-1,"m",772
8,16,0,"z",637
8,16,0,"z",1248
8,16,3,"z",762
8,16,-1,"m",1004
8,16,0,"m",939
8,16,1,"z",812
8,16,0,"z",541
8,16,0,"z",742
8,16,0,"z",1270
8,16,-1,"m",713
8,16,-1,"m",851
8,17,0,"z",2663
8,17,-1,"z",1232
8,17,-1,"z",1027
8,17,0,"m",1124
8,17,3,"z",773
8,17,-1,"m",1395
8,17,-1,"z",1037
8,17,0,"z",996
8,17,4,"m",832
8,17,2,"z",999
8,17,1,"z",743
8,17,0,"m",753
8,17,0,"z",2334
8,17,0,"z",1331
8,17,0,"m",796
8,17,0,"m",735
8,18,0,"z",1476
8,18,-1,"z",1131
8,18,0,"z",831
8,18,-1,"m",1047
8,18,0,"m",780
8,18,-1,"z",666
8,18,0,"z",1015
8,18,0,"m",813
8,18,1,"z",1629
8,18,-1,"z",1125
8,18,3,"m",3093
8,18,0,"z",645
8,18,0,"z",1358
8,18,0,"m",646
8,18,4,"z",694
8,18,2,"z",636
8,19,-1,"z",1809
8,19,0,"z",1033
8,19,2,"m",1094
8,19,-1,"m",1835
8,19,3,"z",472
8,19,1,"z",1113
8,19,0,"z",1193
8,19,0,"z",782
8,19,-1,"z",939
8,19,4,"z",948
8,19,0,"m",1231
8,19,0,"m",907
8,19,0,"z",705
8,19,0,"z",742
8,19,-1,"m",1416
8,19,0,"m",1446
8,20,2,"z",1820
8,20,0,"z",830
8,20,-1,"z",1522
8,20,0,"m",753
8,20,0,"m",1132
8,20,-1,"z",656
8,20,-1,"z",1006
8,20,1,"m",965
8,20,0,"z",752
8,20,0,"m",947
8,20,0,"z",770
8,20,4,"m",801
8,20,0,"z",1357
8,20,3,"z",761
8,20,-1,"m",968
8,20,0,"z",654
9,0,0,"z",16432
9,0,-1,"z",2014
9,0,-1,"m",5656
9,0,0,"m",1151
9,0,0,"z",2064
9,0,0,"m",1549
9,0,1,"m",1340
9,0,2,"z",2420
9,0,0,"m",1170
9,0,4,"m",1365
9,0,0,"m",1309
9,0,0,"m",1531
9,0,-1,"m",1310
9,0,3,"z",1180
9,0,0,"z",1315
9,0,-1,"m",1740
9,1,0,"z",4440
9,1,-1,"z",1436
9,1,0,"m",1159
9,1,-1,"m",2322
9,1,-1,"z",1083
9,1,0,"m",1086
9,1,2,"z",1921
9,1,-1,"z",3186
9,1,0,"m",1883
9,1,0,"m",1096
9,1,0,"m",1051
9,1,1,"z",1154
9,1,0,"z",1003
9,1,4,"z",1648
9,1,0,"m",1230
9,1,3,"z",2326
9,2,4,"z",2953
9,2,3,"z",1077
9,2,0,"m",1551
9,2,0,"z",1658
9,2,-1,"z",2056
9,2,-1,"m",1475
9,2,0,"m",1002
9,2,0,"m",1742
9,2,-1,"m",1741
9,2,0,"z",1608
9,2,0,"m",1454
9,2,2,"z",947
9,2,-1,"z",1581
9,2,1,"z",1440
9,2,0,"m",1096
9,2,0,"z",1801
9,3,0,"z",2472
9,3,-1,"z",1628
9,3,-1,"z",1816
9,3,0,"z",1482
9,3,-1,"m",1181
9,3,1,"m",121
9,3,2,"m",2682
9,3,0,"z",1392
9,3,-1,"z",1550
9,3,4,"m",1590
9,3,0,"m",2652
9,3,0,"m",1674
9,3,0,"z",1394
9,3,0,"z",1724
9,3,0,"m",1163
9,3,3,"m",1406
9,4,2,"z",2641
9,4,0,"z",1270
9,4,0,"m",1140
9,4,0,"m",1410
9,4,1,"z",1011
9,4,0,"z",1099
9,4,0,"m",1522
9,4,0,"m",931
9,4,-1,"m",2006
9,4,-1,"m",1147
9,4,0,"z",1347
9,4,0,"z",956
9,4,-1,"m",1204
9,4,4,"m",905
9,4,-1,"z",867
9,4,3,"m",1092
9,5,3,"m",1997
9,5,0,"m",1818
9,5,0,"m",1310
9,5,-1,"z",1088
9,5,0,"m",1684
9,5,1,"z",1537
9,5,-1,"z",909
9,5,0,"m",1354
9,5,4,"z",936
9,5,-1,"m",948
9,5,0,"m",1457
9,5,0,"z",1204
9,5,0,"m",1236
9,5,-1,"z",892
9,5,0,"m",1257
9,5,2,"z",1133
9,6,0,"m",2413
9,6,2,"z",1157
9,6,-1,"z",1122
9,6,0,"m",1168
9,6,1,"z",1375
9,6,0,"m",1428
9,6,-1,"z",1064
9,6,-1,"z",1029
9,6,0,"m",1544
9,6,0,"z",1016
9,6,0,"z",1124
9,6,4,"z",1290
9,6,-1,"z",1364
9,6,0,"m",1186
9,6,0,"z",1063
9,6,3,"m",1738
9,7,0,"z",2099
9,7,-1,"z",1054
9,7,-1,"z",1197
9,7,1,"m",1979
9,7,0,"z",1850
9,7,0,"m",1259
9,7,0,"z",1227
9,7,3,"z",1049
9,7,-1,"m",901
9,7,0,"m",884
9,7,0,"m",715
9,7,0,"m",1796
9,7,0,"z",964
9,7,2,"z",930
9,7,4,"m",926
9,7,-1,"m",1723
9,8,3,"z",2166
9,8,-1,"z",1614
9,8,0,"m",824
9,8,0,"z",1011
9,8,1,"m",1039
9,8,4,"m",686
9,8,0,"z",887
9,8,0,"z",881
9,8,0,"m",898
9,8,-1,"z",1515
9,8,0,"m",1282
9,8,-1,"z",789
9,8,-1,"z",1507
9,8,2,"z",717
9,8,0,"z",1126
9,8,0,"m",1020
9,9,-1,"z",2667
9,9,-1,"z",960
9,9,0,"m",874
9,9,0,"z",1274
9,9,2,"m",1234
9,9,-1,"m",1363
9,9,4,"z",1228
9,9,0,"z",980
9,9,0,"m",1186
9,9,0,"m",1171
9,9,0,"m",1196
9,9,1,"z",764
9,9,3,"z",740
9,9,-1,"z",1027
9,9,0,"m",892
9,9,0,"m",880
9,10,4,"z",3078
9,10,0,"m",1360
9,10,0,"m",2325
9,10,0,"m",2166
9,10,1,"z",1378
9,10,0,"m",1886
9,10,-1,"z",1495
9,10,0,"m",2501
9,10,0,"m",1489
9,10,-1,"m",2084
9,10,-1,"z",1331
9,10,3,"z",1027
9,10,2,"m",2936
9,10,0,"m",1892
9,10,-1,"m",1755
9,10,0,"m",1606
9,11,2,"z",2746
9,11,4,"z",1344
9,11,0,"m",1689
9,11,0,"m",1726
9,11,0,"m",1600
9,11,-1,"m",2947
9,11,0,"m",2797
9,11,1,"z",724
9,11,-1,"m",1834
9,11,0,"m",1964
9,11,0,"m",2082
9,11,-1,"m",3397
9,11,0,"m",908
9,11,-1,"m",1818
9,11,3,"z",2090
9,11,0,"m",3343
9,12,0,"m",2530
9,12,1,"z",2532
9,12,-1,"z",1270
9,12,-1,"z",1248
9,12,4,"m",1143
9,12,0,"z",1398
9,12,0,"z",1224
9,12,0,"m",1284
9,12,3,"z",1255
9,12,2,"m",1042
9,12,0,"m",1984
9,12,-1,"m",1409
9,12,0,"m",910
9,12,0,"z",1110
9,12,0,"m",1429
9,12,-1,"m",1218
9,13,0,"m",1654
9,13,0,"z",1782
9,13,0,"z",887
9,13,2,"m",803
9,13,-1,"z",458
9,13,3,"m",258
9,13,0,"m",117
9,13,1,"z",199
9,13,-1,"m",469
9,13,-1,"m",263
9,13,0,"z",293
9,13,4,"z",306
9,13,0,"z",188
9,13,-1,"m",516
9,13,0,"z",316
9,13,0,"z",430
9,14,-1,"z",3623
9,14,-1,"z",624
9,14,0,"m",590
9,14,0,"z",127
9,14,0,"z",69
9,14,0,"m",442
9,14,2,"m",527
9,14,-1,"m",308
9,14,0,"m",408
9,14,0,"z",489
9,14,0,"m",471
9,14,4,"z",272
9,14,1,"z",70
9,14,3,"m",424
9,14,0,"z",1182
9,14,-1,"z",44
9,15,3,"z",1585
9,15,4,"z",864
9,15,-1,"z",1583
9,15,0,"m",2102
9,15,0,"m",2079
9,15,0,"m",2034
9,15,0,"m",2324
9,15,0,"m",3144
9,15,2,"z",1853
9,15,-1,"z",1392
9,15,-1,"z",1244
9,15,0,"m",1761
9,15,1,"z",2675
9,15,0,"m",1695
9,15,-1,"z",1114
9,15,0,"m",1739
9,16,0,"m",2787
9,16,2,"z",2595
9,16,0,"m",1238
9,16,4,"z",1160
9,16,-1,"m",1336
9,16,0,"m",883
9,16,0,"m",860
9,16,3,"z",1016
9,16,-1,"m",830
9,16,0,"z",871
9,16,1,"m",328
9,16,0,"m",1482
9,16,0,"m",959
9,16,0,"z",772
9,16,-1,"m",947
9,16,-1,"m",643
9,17,0,"m",2234
9,17,-1,"m",140
9,17,-1,"z",775
9,17,0,"m",390
9,17,3,"z",317
9,17,-1,"z",91
9,17,-1,"m",320
9,17,0,"m",506
9,17,4,"z",243
9,17,2,"z",142
9,17,1,"m",730
9,17,0,"z",316
9,17,0,"m",255
9,17,0,"z",297
9,17,0,"z",121
9,17,0,"m",181
9,18,0,"z",1836
9,18,-1,"m",113
9,18,0,"m",126
9,18,-1,"z",250
9,18,0,"m",276
9,18,-1,"z",412
9,18,0,"z",70
9,18,0,"m",271
9,18,1,"m",379
9,18,-1,"z",387
9,18,3,"m",282
9,18,0,"z",343
9,18,0,"m",287
9,18,0,"m",164
9,18,4,"z",244
9,18,2,"m",286
9,19,-1,"z",1566
9,19,0,"z",70
9,19,2,"m",160
9,19,-1,"z",324
9,19,3,"m",330
9,19,1,"z",443
9,19,0,"z",313
9,19,0,"m",501
9,19,-1,"m",309
9,19,4,"m",315
9,19,0,"m",285
9,19,0,"z",298
9,19,0,"m",231
9,19,0,"z",225
9,19,-1,"m",280
9,19,0,"m",114
9,20,2,"m",2335
9,20,0,"m",142
9,20,-1,"z",153
9,20,0,"m",236
9,20,0,"z",372
9,20,-1,"z",100
9,20,-1,"m",95
9,20,1,"m",249
9,20,0,"z",233
9,20,0,"z",177
9,20,0,"z",121
9,20,4,"z",318
9,20,0,"m",285
9,20,3,"z",182
9,20,-1,"z",168
9,20,0,"m",287
10,0,0,"z",2890
10,0,-1,"m",1392
10,0,-1,"m",1126
10,0,0,"z",1354
10,0,0,"m",1076
10,0,0,"m",1032
10,0,1,"z",2622
10,0,2,"z",1590
10,0,0,"m",931
10,0,4,"z",2099
10,0,0,"z",1561
10,0,0,"m",961
10,0,-1,"m",1589
10,0,3,"z",1835
10,0,0,"m",1388
10,0,-1,"m",1396
10,1,0,"m",3626
10,1,-1,"z",2959
10,1,0,"m",1441
10,1,-1,"z",2074
10,1,-1,"m",1582
10,1,0,"m",1584
10,1,2,"z",1043
10,1,-1,"m",1270
10,1,0,"z",1589
10,1,0,"m",985
10,1,0,"z",947
10,1,1,"m",1253
10,1,0,"m",1365
10,1,4,"m",987
10,1,0,"m",992
10,1,3,"z",709
10,2,4,"z",2222
10,2,3,"z",1303
10,2,0,"m",955
10,2,0,"m",795
10,2,-1,"z",972
10,2,-1,"m",939
10,2,0,"z",3206
10,2,0,"m",744
10,2,-1,"m",1323
10,2,0,"z",1448
10,2,0,"m",960
10,2,2,"m",1297
10,2,-1,"m",1111
10,2,1,"m",960
10,2,0,"m",796
10,2,0,"z",1815
10,3,0,"m",1836
10,3,-1,"m",892
10,3,-1,"m",1227
10,3,0,"m",1060
10,3,-1,"z",1017
10,3,1,"m",866
10,3,2,"z",779
10,3,0,"z",783
10,3,-1,"z",923
10,3,4,"m",1252
10,3,0,"m",754
10,3,0,"z",631
10,3,0,"m",728
10,3,0,"m",702
10,3,0,"m",651
10,3,3,"m",579
10,4,2,"z",3099
10,4,0,"m",791
10,4,0,"m",932
10,4,0,"z",746
10,4,1,"z",647
10,4,0,"m",547
10,4,0,"m",556
10,4,0,"m",839
10,4,-1,"z",848
10,4,-1,"z",581
10,4,0,"m",615
10,4,0,"z",579
10,4,-1,"m",547
10,4,4,"m",551
10,4,-1,"m",503
10,4,3,"z",796
10,5,3,"z",2989
10,5,0,"m",1387
10,5,0,"m",839
10,5,-1,"z",635
10,5,0,"z",751
10,5,1,"m",614
10,5,-1,"m",580
10,5,0,"m",647
10,5,4,"z",463
10,5,-1,"z",486
10,5,0,"z",1008
10,5,0,"m",447
10,5,0,"m",764
10,5,-1,"z",758
10,5,0,"z",629
10,5,2,"m",431
10,6,0,"m",58608
10,6,2,"z",1575
10,6,-1,"m",1893
10,6,0,"z",856
10,6,1,"z",753
10,6,0,"m",379
10,6,-1,"z",1000
10,6,-1,"z",944
10,6,0,"z",785
10,6,0,"m",662
10,6,0,"m",688
10,6,4,"z",993
10,6,-1,"m",627
10,6,0,"m",779
10,6,0,"z",999
10,6,3,"m",439
10,7,0,"z",13273
10,7,-1,"z",1472
10,7,-1,"z",1547
10,7,1,"m",547
10,7,0,"m",509
10,7,0,"m",653
10,7,0,"m",555
10,7,3,"m",940
10,7,-1,"z",752
10,7,0,"z",652
10,7,0,"m",668
10,7,0,"m",598
10,7,0,"z",661
10,7,2,"m",692
10,7,4,"z",564
10,7,-1,"z",652
10,8,3,"m",2659
10,8,-1,"z",1427
10,8,0,"z",1112
10,8,0,"m",711
10,8,1,"m",667
10,8,4,"z",1235
10,8,0,"m",1463
10,8,0,"m",699
10,8,0,"m",627
10,8,-1,"m",671
10,8,0,"z",924
10,8,-1,"m",717
10,8,-1,"z",756
10,8,2,"z",925
10,8,0,"m",625
10,8,0,"m",585
10,9,-1,"m",2049
10,9,-1,"m",1053
10,9,0,"m",1010
10,9,0,"m",1371
10,9,2,"m",895
10,9,-1,"z",1640
10,9,4,"z",842
10,9,0,"z",1085
10,9,0,"m",709
10,9,0,"m",785
10,9,0,"z",1187
10,9,1,"z",1136
10,9,3,"m",522
10,9,-1,"m",744
10,9,0,"z",829
10,9,0,"z",844
10,10,4,"z",1555
10,10,0,"m",696
10,10,0,"z",1399
10,10,0,"z",820
10,10,1,"m",902
10,10,0,"m",694
10,10,-1,"m",645
10,10,0,"z",584
10,10,0,"m",1007
10,10,-1,"z",729
10,10,-1,"z",1058
10,10,3,"m",669
10,10,2,"m",846
10,10,0,"z",850
10,10,-1,"z",795
10,10,0,"m",591
10,11,2,"m",1747
10,11,4,"z",1399
10,11,0,"m",1316
10,11,0,"m",1148
10,11,0,"z",1087
10,11,-1,"m",1267
10,11,0,"m",862
10,11,1,"z",1062
10,11,-1,"m",1147
10,11,0,"m",1035
10,11,0,"m",791
10,11,-1,"m",1102
10,11,0,"m",1099
10,11,-1,"z",751
10,11,3,"z",1351
10,11,0,"m",549
10,12,0,"m",2099
10,12,1,"m",1179
10,12,-1,"z",1133
10,12,-1,"z",1032
10,12,4,"m",1583
10,12,0,"m",2995
10,12,0,"z",1311
10,12,0,"m",2369
10,12,3,"z",948
10,12,2,"z",1911
10,12,0,"z",1299
10,12,-1,"m",1008
10,12,0,"m",655
10,12,0,"m",918
10,12,0,"m",894
10,12,-1,"z",1068
10,13,0,"m",2268
10,13,0,"m",646
10,13,0,"m",1461
10,13,2,"z",1512
10,13,-1,"z",1653
10,13,3,"m",838
10,13,0,"m",1564
10,13,1,"z",1570
10,13,-1,"z",1633
10,13,-1,"m",835
10,13,0,"m",1850
10,13,4,"m",1395
10,13,0,"z",1159
10,13,-1,"z",1211
10,13,0,"m",956
10,13,0,"m",798
10,14,-1,"m",1786
10,14,-1,"z",2000
10,14,0,"m",1053
10,14,0,"m",1662
10,14,0,"m",939
10,14,0,"m",1183
10,14,2,"m",1418
10,14,-1,"z",952
10,14,0,"m",2732
10,14,0,"z",996
10,14,0,"m",1032
10,14,4,"z",1218
10,14,1,"z",1513
10,14,3,"m",1443
10,14,0,"z",861
10,14,-1,"m",962
10,15,3,"z",2845
10,15,4,"m",910
10,15,-1,"m",771
10,15,0,"m",703
10,15,0,"m",1129
10,15,0,"z",563
10,15,0,"z",637
10,15,0,"z",800
10,15,2,"z",868
10,15,-1,"m",575
10,15,-1,"z",1404
10,15,0,"m",879
10,15,1,"m",704
10,15,0,"m",944
10,15,-1,"z",922
10,15,0,"z",1159
10,16,0,"m",7197
10,16,2,"z",2244
10,16,0,"m",1262
10,16,4,"m",531
10,16,-1,"z",779
10,16,0,"z",630
10,16,0,"z",600
10,16,3,"m",381
10,16,-1,"m",362
10,16,0,"z",994
10,16,1,"m",256
10,16,0,"m",1561
10,16,0,"z",1144
10,16,0,"z",727
10,16,-1,"z",728
10,16,-1,"m",550
10,17,0,"z",2032
10,17,-1,"z",680
10,17,-1,"m",547
10,17,0,"z",880
10,17,3,"m",739
10,17,-1,"m",1055
10,17,-1,"z",655
10,17,0,"m",907
10,17,4,"z",996
10,17,2,"z",564
10,17,1,"z",872
10,17,0,"m",622
10,17,0,"m",626
10,17,0,"m",1609
10,17,0,"z",685
10,17,0,"z",625
10,18,0,"m",2889
10,18,-1,"z",1397
10,18,0,"z",1159
10,18,-1,"z",1064
10,18,0,"m",980
10,18,-1,"m",911
10,18,0,"m",744
10,18,0,"m",963
10,18,1,"z",731
10,18,-1,"z",1276
10,18,3,"z",1227
10,18,0,"m",1219
10,18,0,"z",994
10,18,0,"m",623
10,18,4,"m",650
10,18,2,"m",940
10,19,-1,"z",2372
10,19,0,"z",1127
10,19,2,"z",1107
10,19,-1,"m",1003
10,19,3,"z",1521
10,19,1,"m",935
10,19,0,"m",623
10,19,0,"z",678
10,19,-1,"z",720
10,19,4,"z",1971
10,19,0,"m",402
10,19,0,"m",1038
10,19,0,"z",1376
10,19,0,"m",1047
10,19,-1,"m",1250
10,19,0,"z",1117
10,20,2,"z",1782
10,20,0,"m",907
10,20,-1,"m",798
10,20,0,"z",1044
10,20,0,"z",722
10,20,-1,"m",909
10,20,-1,"z",1092
10,20,1,"m",983
10,20,0,"m",796
10,20,0,"m",721
10,20,0,"z",712
10,20,4,"z",1447
10,20,0,"z",1183
10,20,3,"m",645
10,20,-1,"m",603
10,20,0,"m",604
11,0,0,"z",5234
11,0,-1,"m",3285
11,0,-1,"m",3341
11,0,0,"z",1142
11,0,0,"z",629
11,0,0,"z",980
11,0,1,"z",694
11,0,2,"m",550
11,0,0,"z",860
11,0,4,"z",598
11,0,0,"z",901
11,0,0,"z",636
11,0,-1,"m",1005
11,0,3,"z",1046
11,0,0,"z",899
11,0,-1,"m",1788
11,1,0,"z",2868
11,1,-1,"z",1807
11,1,0,"m",1896
11,1,-1,"z",1503
11,1,-1,"z",1730
11,1,0,"z",736
11,1,2,"m",697
11,1,-1,"z",4443
11,1,0,"z",474
11,1,0,"m",1380
11,1,0,"z",840
11,1,1,"z",338
11,1,0,"m",1788
11,1,4,"m",860
11,1,0,"z",488
11,1,3,"z",765
11,2,4,"z",10632
11,2,3,"z",1824
11,2,0,"m",1570
11,2,0,"m",686
11,2,-1,"z",759
11,2,-1,"m",1485
11,2,0,"m",824
11,2,0,"z",374
11,2,-1,"z",510
11,2,0,"m",705
11,2,0,"m",675
11,2,2,"m",1062
11,2,-1,"z",1221
11,2,1,"z",617
11,2,0,"m",697
11,2,0,"m",1161
11,3,0,"m",3621
11,3,-1,"z",3175
11,3,-1,"m",1152
11,3,0,"m",1004
11,3,-1,"m",1260
11,3,1,"m",565
11,3,2,"z",1163
11,3,0,"z",705
11,3,-1,"m",930
11,3,4,"m",2067
11,3,0,"z",429
11,3,0,"z",413
11,3,0,"z",311
11,3,0,"m",244
11,3,0,"z",383
11,3,3,"z",529
11,4,2,"z",18507
11,4,0,"m",283
11,4,0,"z",286
11,4,0,"z",449
11,4,1,"m",364
11,4,0,"m",879
11,4,0,"z",333
11,4,0,"z",626
11,4,-1,"m",781
11,4,-1,"z",733
11,4,0,"z",528
11,4,0,"z",851
11,4,-1,"m",706
11,4,4,"z",808
11,4,-1,"z",744
11,4,3,"m",655
11,5,3,"z",12391
11,5,0,"m",237
11,5,0,"m",284
11,5,-1,"z",518
11,5,0,"z",332
11,5,1,"z",362
11,5,-1,"m",373
11,5,0,"m",460
11,5,4,"m",351
11,5,-1,"z",351
11,5,0,"z",267
11,5,0,"z",293
11,5,0,"z",346
11,5,-1,"z",458
11,5,0,"z",1893
11,5,2,"z",234
11,6,0,"z",1119
11,6,2,"z",452
11,6,-1,"z",336
11,6,0,"z",200
11,6,1,"m",277
11,6,0,"z",225
11,6,-1,"z",286
11,6,-1,"m",139
11,6,0,"m",197
11,6,0,"m",118
11,6,0,"m",118
11,6,4,"m",109
11,6,-1,"z",41
11,6,0,"z",345
11,6,0,"z",277
11,6,3,"z",267
11,7,0,"z",1115
11,7,-1,"z",334
11,7,-1,"z",345
11,7,1,"m",316
11,7,0,"m",318
11,7,0,"z",235
11,7,0,"z",297
11,7,3,"m",128
11,7,-1,"m",274
11,7,0,"m",189
11,7,0,"z",177
11,7,0,"z",286
11,7,0,"m",238
11,7,2,"z",653
11,7,4,"m",247
11,7,-1,"m",274
11,8,3,"z",7435
11,8,-1,"m",247
11,8,0,"m",439
11,8,0,"m",441
11,8,1,"m",275
11,8,4,"m",109
11,8,0,"m",88
11,8,0,"z",455
11,8,0,"m",393
11,8,-1,"z",246
11,8,0,"z",129
11,8,-1,"z",139
11,8,-1,"z",160
11,8,2,"m",499
11,8,0,"z",326
11,8,0,"z",305
11,9,-1,"z",1495
11,9,-1,"z",599
11,9,0,"m",343
11,9,0,"m",615
11,9,2,"m",587
11,9,-1,"m",303
11,9,4,"z",314
11,9,0,"z",430
11,9,0,"m",179
11,9,0,"z",391
11,9,0,"z",255
11,9,1,"m",317
11,9,3,"m",264
11,9,-1,"m",235
11,9,0,"m",245
11,9,0,"m",234
11,10,4,"z",1073
11,10,0,"m",255
11,10,0,"m",177
11,10,0,"m",129
11,10,1,"z",61
11,10,0,"z",258
11,10,-1,"z",99
11,10,0,"z",60
11,10,0,"m",79
11,10,-1,"m",286
11,10,-1,"m",166
11,10,3,"z",206
11,10,2,"m",217
11,10,0,"z",109
11,10,-1,"z",148
11,10,0,"z",99
11,11,2,"z",27132
11,11,4,"m",208
11,11,0,"z",110
11,11,0,"m",121
11,11,0,"m",119
11,11,-1,"z",80
11,11,0,"z",121
11,11,1,"m",101
11,11,-1,"z",234
11,11,0,"z",131
11,11,0,"z",91
11,11,-1,"m",100
11,11,0,"z",70
11,11,-1,"m",167
11,11,3,"z",344
11,11,0,"m",307
11,12,0,"z",11704
11,12,1,"m",145
11,12,-1,"z",69
11,12,-1,"m",91
11,12,4,"m",80
11,12,0,"z",148
11,12,0,"z",131
11,12,0,"m",187
11,12,3,"z",99
11,12,2,"m",130
11,12,0,"z",116
11,12,-1,"m",129
11,12,0,"m",70
11,12,0,"m",70
11,12,0,"z",69
11,12,-1,"z",326
11,13,0,"z",2601
11,13,0,"m",267
11,13,0,"z",138
11,13,2,"m",275
11,13,-1,"m",236
11,13,3,"m",173
11,13,0,"z",207
11,13,1,"m",287
11,13,-1,"m",176
11,13,-1,"z",236
11,13,0,"m",237
11,13,4,"z",179
11,13,0,"z",209
11,13,-1,"z",198
11,13,0,"m",189
11,13,0,"z",197
11,14,-1,"z",8589
11,14,-1,"m",159
11,14,0,"z",130
11,14,0,"m",178
11,14,0,"m",187
11,14,0,"z",148
11,14,2,"m",198
11,14,-1,"z",138
11,14,0,"z",150
11,14,0,"m",209
11,14,0,"z",138
11,14,4,"m",190
11,14,1,"m",159
11,14,3,"m",129
11,14,0,"z",119
11,14,-1,"m",208
11,15,3,"m",6322
11,15,4,"z",128
11,15,-1,"m",131
11,15,0,"z",128
11,15,0,"m",140
11,15,0,"z",294
11,15,0,"m",156
11,15,0,"m",245
11,15,2,"m",129
11,15,-1,"z",198
11,15,-1,"z",168
11,15,0,"z",108
11,15,1,"z",168
11,15,0,"m",209
11,15,-1,"m",176
11,15,0,"m",129
11,16,0,"z",5677
11,16,2,"m",128
11,16,0,"z",110
11,16,4,"m",120
11,16,-1,"m",149
11,16,0,"m",125
11,16,0,"z",170
11,16,3,"z",148
11,16,-1,"z",90
11,16,0,"m",140
11,16,1,"z",109
11,16,0,"z",160
11,16,0,"z",130
11,16,0,"m",180
11,16,-1,"z",226
11,16,-1,"z",178
11,17,0,"z",8244
11,17,-1,"m",130
11,17,-1,"z",71
11,17,0,"m",120
11,17,3,"m",109
11,17,-1,"m",78
11,17,-1,"m",49
11,17,0,"z",51
11,17,4,"z",111
11,17,2,"z",68
11,17,1,"z",70
11,17,0,"z",80
11,17,0,"m",101
11,17,0,"m",81
11,17,0,"m",60
11,17,0,"m",52
11,18,0,"z",7208
11,18,-1,"m",218
11,18,0,"z",119
11,18,-1,"m",60
11,18,0,"m",111
11,18,-1,"m",99
11,18,0,"z",60
11,18,0,"z",129
11,18,1,"m",90
11,18,-1,"m",159
11,18,3,"z",130
11,18,0,"m",160
11,18,0,"z",110
11,18,0,"m",122
11,18,4,"m",147
11,18,2,"z",118
11,19,-1,"z",11051
11,19,0,"m",256
11,19,2,"m",268
11,19,-1,"m",238
11,19,3,"m",207
11,19,1,"z",108
11,19,0,"z",131
11,19,0,"m",138
11,19,-1,"m",228
11,19,4,"z",129
11,19,0,"m",128
11,19,0,"z",138
11,19,0,"m",120
11,19,0,"m",197
11,19,-1,"z",107
11,19,0,"m",129
11,20,2,"z",7283
11,20,0,"m",156
11,20,-1,"z",170
11,20,0,"m",76
11,20,0,"m",160
11,20,-1,"m",129
11,20,-1,"m",130
11,20,1,"z",92
11,20,0,"m",98
11,20,0,"z",101
11,20,0,"z",110
11,20,4,"z",110
11,20,0,"m",100
11,20,3,"z",169
11,20,-1,"m",120
11,20,0,"z",119
12,0,0,"z",4822
12,0,-1,"z",1784
12,0,-1,"z",8232
12,0,0,"z",6746
12,0,0,"z",612
12,0,0,"m",6149
12,0,1,"z",1026
12,0,2,"m",205
12,0,0,"z",1092
12,0,4,"z",1406
12,0,0,"z",1444
12,0,0,"m",714
12,0,-1,"m",772
12,0,3,"z",693
12,0,0,"z",587
12,0,-1,"z",751
12,1,0,"z",2031
12,1,-1,"z",976
12,1,0,"m",927
12,1,-1,"z",927
12,1,-1,"m",868
12,1,0,"z",858
12,1,2,"z",803
12,1,-1,"m",1992
12,1,0,"m",1426
12,1,0,"m",781
12,1,0,"m",963
12,1,1,"z",722
12,1,0,"m",801
12,1,4,"z",732
12,1,0,"z",1131
12,1,3,"z",625
12,2,4,"z",1347
12,2,3,"z",1923
12,2,0,"z",1572
12,2,0,"m",927
12,2,-1,"m",2409
12,2,-1,"m",1005
12,2,0,"m",1715
12,2,0,"z",1971
12,2,-1,"z",1428
12,2,0,"z",2566
12,2,0,"z",1503
12,2,2,"m",1074
12,2,-1,"m",2156
12,2,1,"m",829
12,2,0,"m",1105
12,2,0,"z",723
12,3,0,"m",2462
12,3,-1,"z",909
12,3,-1,"z",967
12,3,0,"z",2732
12,3,-1,"m",772
12,3,1,"z",3082
12,3,2,"z",1112
12,3,0,"m",1397
12,3,-1,"z",1015
12,3,4,"z",1112
12,3,0,"m",820
12,3,0,"m",2009
12,3,0,"z",1347
12,3,0,"m",947
12,3,0,"z",1569
12,3,3,"m",751
12,4,2,"z",1297
12,4,0,"z",1054
12,4,0,"m",781
12,4,0,"z",1199
12,4,1,"m",1055
12,4,0,"m",1142
12,4,0,"m",1064
12,4,0,"m",819
12,4,-1,"m",867
12,4,-1,"z",1537
12,4,0,"z",1308
12,4,0,"z",1599
12,4,-1,"m",898
12,4,4,"m",791
12,4,-1,"z",1357
12,4,3,"z",1492
12,5,3,"z",1857
12,5,0,"z",1357
12,5,0,"z",997
12,5,-1,"m",3033
12,5,0,"m",1444
12,5,1,"z",1354
12,5,-1,"m",2245
12,5,0,"m",1511
12,5,4,"m",1699
12,5,-1,"z",1131
12,5,0,"m",1825
12,5,0,"z",1053
12,5,0,"m",1543
12,5,-1,"m",771
12,5,0,"m",859
12,5,2,"z",1346
12,6,0,"z",1600
12,6,2,"m",1180
12,6,-1,"z",634
12,6,0,"z",723
12,6,1,"z",908
12,6,0,"m",635
12,6,-1,"m",721
12,6,-1,"m",731
12,6,0,"m",1357
12,6,0,"z",664
12,6,0,"z",1017
12,6,4,"z",1444
12,6,-1,"z",1043
12,6,0,"m",1172
12,6,0,"z",1492
12,6,3,"z",2750
12,7,0,"m",2529
12,7,-1,"z",1265
12,7,-1,"m",1250
12,7,1,"z",986
12,7,0,"m",780
12,7,0,"m",1463
12,7,0,"m",1513
12,7,3,"z",1316
12,7,-1,"m",1152
12,7,0,"m",1289
12,7,0,"m",985
12,7,0,"m",907
12,7,0,"m",1160
12,7,2,"z",1287
12,7,4,"z",919
12,7,-1,"m",1805
12,8,3,"z",1330
12,8,-1,"z",1043
12,8,0,"m",1562
12,8,0,"m",1305
12,8,1,"m",1075
12,8,4,"z",605
12,8,0,"m",617
12,8,0,"m",2336
12,8,0,"m",674
12,8,-1,"z",1932
12,8,0,"m",927
12,8,-1,"m",1600
12,8,-1,"z",1592
12,8,2,"z",1628
12,8,0,"m",2018
12,8,0,"m",1060
12,9,-1,"z",1009
12,9,-1,"z",801
12,9,0,"m",790
12,9,0,"z",1481
12,9,2,"z",752
12,9,-1,"m",713
12,9,4,"z",1101
12,9,0,"z",1386
12,9,0,"m",770
12,9,0,"m",1035
12,9,0,"m",1200
12,9,1,"z",1239
12,9,3,"m",997
12,9,-1,"m",2029
12,9,0,"z",938
12,9,0,"m",1746
12,10,4,"z",994
12,10,0,"z",821
12,10,0,"z",819
12,10,0,"z",1259
12,10,1,"m",625
12,10,0,"z",1034
12,10,-1,"m",1093
12,10,0,"z",782
12,10,0,"z",861
12,10,-1,"m",1384
12,10,-1,"m",1466
12,10,3,"z",1161
12,10,2,"m",645
12,10,0,"z",723
12,10,-1,"m",929
12,10,0,"m",908
12,11,2,"m",1060
12,11,4,"z",753
12,11,0,"z",713
12,11,0,"m",742
12,11,0,"m",1073
12,11,-1,"z",1736
12,11,0,"z",1006
12,11,1,"m",1142
12,11,-1,"z",752
12,11,0,"z",1308
12,11,0,"m",1669
12,11,-1,"z",996
12,11,0,"m",695
12,11,-1,"z",1191
12,11,3,"m",908
12,11,0,"z",691
12,12,0,"z",1313
12,12,1,"z",761
12,12,-1,"z",703
12,12,-1,"z",673
12,12,4,"z",712
12,12,0,"m",1443
12,12,0,"z",674
12,12,0,"m",714
12,12,3,"m",1199
12,12,2,"m",908
12,12,0,"z",702
12,12,-1,"z",549
12,12,0,"m",391
12,12,0,"m",938
12,12,0,"m",275
12,12,-1,"z",285
12,13,0,"m",1085
12,13,0,"z",613
12,13,0,"z",538
12,13,2,"z",392
12,13,-1,"m",314
12,13,3,"z",506
12,13,0,"m",227
12,13,1,"m",244
12,13,-1,"z",283
12,13,-1,"m",626
12,13,0,"z",567
12,13,4,"m",341
12,13,0,"m",820
12,13,-1,"z",615
12,13,0,"z",732
12,13,0,"m",467
12,14,-1,"z",596
12,14,-1,"z",645
12,14,0,"m",790
12,14,0,"m",575
12,14,0,"z",519
12,14,0,"z",431
12,14,2,"m",537
12,14,-1,"m",128
12,14,0,"z",59
12,14,0,"z",80
12,14,0,"m",448
12,14,4,"z",79
12,14,1,"m",90
12,14,3,"z",89
12,14,0,"z",303
12,14,-1,"z",265
12,15,3,"z",1368
12,15,4,"z",751
12,15,-1,"z",675
12,15,0,"z",721
12,15,0,"m",938
12,15,0,"z",234
12,15,0,"m",275
12,15,0,"z",566
12,15,2,"m",674
12,15,-1,"m",704
12,15,-1,"z",556
12,15,0,"z",430
12,15,1,"z",568
12,15,0,"z",466
12,15,-1,"m",450
12,15,0,"z",410
12,16,0,"z",1005
12,16,2,"z",595
12,16,0,"z",811
12,16,4,"z",675
12,16,-1,"m",626
12,16,0,"z",693
12,16,0,"z",1104
12,16,3,"m",1055
12,16,-1,"m",947
12,16,0,"m",606
12,16,1,"z",109
12,16,0,"z",341
12,16,0,"m",432
12,16,0,"m",156
12,16,-1,"z",128
12,16,-1,"z",559
12,17,0,"m",1282
12,17,-1,"z",1629
12,17,-1,"z",724
12,17,0,"m",693
12,17,3,"z",595
12,17,-1,"z",721
12,17,-1,"z",819
12,17,0,"z",647
12,17,4,"m",655
12,17,2,"z",614
12,17,1,"z",721
12,17,0,"m",664
12,17,0,"z",128
12,17,0,"z",343
12,17,0,"m",555
12,17,0,"z",675
12,18,0,"z",2152
12,18,-1,"z",849
12,18,0,"z",1353
12,18,-1,"z",830
12,18,0,"z",1303
12,18,-1,"m",712
12,18,0,"m",801
12,18,0,"z",625
12,18,1,"z",1034
12,18,-1,"m",1064
12,18,3,"z",468
12,18,0,"z",545
12,18,0,"m",490
12,18,0,"m",811
12,18,4,"z",545
12,18,2,"z",576
12,19,-1,"m",1551
12,19,0,"z",772
12,19,2,"z",664
12,19,-1,"z",780
12,19,3,"z",672
12,19,1,"m",946
12,19,0,"m",703
12,19,0,"z",664
12,19,-1,"m",606
12,19,4,"z",760
12,19,0,"z",536
12,19,0,"z",1005
12,19,0,"m",615
12,19,0,"z",487
12,19,-1,"m",314
12,19,0,"z",585
12,20,2,"m",21937
12,20,0,"z",1239
12,20,-1,"z",705
12,20,0,"z",819
12,20,0,"m",801
12,20,-1,"z",587
12,20,-1,"z",449
12,20,1,"m",547
12,20,0,"z",722
12,20,0,"m",614
12,20,0,"z",493
12,20,4,"z",725
12,20,0,"m",627
12,20,3,"m",918
12,20,-1,"z",615
12,20,0,"m",430
